battle_time,event_id,event_mode,event_map,battle_type,battle_mode,battle_result,battle_duration,battle_rank,battle_trophy_change,star_player_tag,star_player_name,star_player_brawler_id,star_player_brawler_name,star_player_brawler_power,star_player_brawler_trophies,teammate_1_tag,teammate_1_name,teammate_1_brawler_id,teammate_1_brawler_name,teammate_1_brawler_power,teammate_1_brawler_trophies,teammate_2_tag,teammate_2_name,teammate_2_brawler_id,teammate_2_brawler_name,teammate_2_brawler_power,teammate_2_brawler_trophies,teammate_3_tag,teammate_3_name,teammate_3_brawler_id,teammate_3_brawler_name,teammate_3_brawler_power,teammate_3_brawler_trophies,teammate_4_tag,teammate_4_name,teammate_4_brawler_id,teammate_4_brawler_name,teammate_4_brawler_power,teammate_4_brawler_trophies,teammate_5_tag,teammate_5_name,teammate_5_brawler_id,teammate_5_brawler_name,teammate_5_brawler_power,teammate_5_brawler_trophies,player_tag,player_name,player_brawler_id,player_brawler_name,player_brawler_power,player_brawler_trophies
20241114T130656.000Z,15000848,trioShowdown,Feast or Famine,ranked,duoShowdown,,,4.0,-4.0,,,,,,,#2Q98QLVLJV,–∞—Ä—Ç–µ–º —è–π—Ü–∞–º–∏,16000079.0,ANGELO,9.0,467.0,#UQ9RJCYRU,moi,16000023.0,LEON,10.0,479.0,#LV9QQLR08,nguyentran,16000032.0,MAX,9.0,482.0,,,,,,,,,,,,,,,,,,
20241114T130633.000Z,15000848,trioShowdown,Feast or Famine,ranked,duoShowdown,,,3.0,2.0,,,,,,,#28PYPQ28CL,ciccioking,16000003.0,BROCK,8.0,493.0,#P090U099J,Sailas76,16000030.0,EMZ,10.0,485.0,#LV9QQLR08,nguyentran,16000032.0,MAX,9.0,480.0,,,,,,,,,,,,,,,,,,
20241114T123444.000Z,15000826,unknown,Final Frontier,ranked,siege,defeat,150.0,,-3.0,#Y2UYLP2C,PAOLO,16000006.0,BARLEY,10.0,505.0,#LV9QQLR08,nguyentran,16000032.0,MAX,9.0,483.0,#Q9QJ8RGL2,Pikachu,16000005.0,SPIKE,11.0,481.0,#Y2LG908YV,TM|CLASSIC,16000075.0,MICO,9.0,537.0,,,,,,,,,,,,,,,,,,
20241114T094300.000Z,15000826,unknown,Final Frontier,ranked,siege,defeat,150.0,,-3.0,#LV9QQLR08,nguyentran,16000032.0,MAX,9.0,486.0,#22VR9C9R02,Fettah Can 1903,16000043.0,EDGAR,9.0,434.0,#LV9QQLR08,nguyentran,16000032.0,MAX,9.0,486.0,#22PULVULVR,Arifbabaproüêê,16000018.0,DARRYL,9.0,507.0,,,,,,,,,,,,,,,,,,
20241114T093954.000Z,15000826,unknown,Final Frontier,ranked,siege,victory,88.0,,8.0,#82R9JC8JC,/TR/SXMET/EMS,16000048.0,GROM,9.0,496.0,#2898LRRJ8L,Osama-im Laden,16000022.0,TICK,10.0,492.0,#LV9QQLR08,nguyentran,16000032.0,MAX,9.0,478.0,#82R9JC8JC,/TR/SXMET/EMS,16000048.0,GROM,9.0,496.0,,,,,,,,,,,,,,,,,,
20241114T093749.000Z,15000826,unknown,Final Frontier,ranked,siege,victory,42.0,,8.0,#PC8CVCL8G,Ertuƒürul Pasha,16000001.0,COLT,11.0,461.0,#9V89R0LP2,en iyisi,16000028.0,SANDY,10.0,539.0,#PC8CVCL8G,Ertuƒürul Pasha,16000001.0,COLT,11.0,461.0,#LV9QQLR08,nguyentran,16000075.0,MICO,9.0,493.0,,,,,,,,,,,,,,,,,,
20241113T191256.000Z,15000019,heist,Safe Zone,soloRanked,heist,defeat,129.0,,,#8RYJQ2Q2L,Doodle,16000007.0,JESSIE,11.0,3.0,#LV9QQLR08,nguyentran,16000007.0,JESSIE,9.0,3.0,#GU082URVU,cocoroch,16000012.0,CROW,11.0,3.0,#LUJ0882P8,theanklesguy,16000001.0,COLT,10.0,3.0,,,,,,,,,,,,,,,,,,
20241113T190955.000Z,15000050,brawlBall,Sneaky Fields,soloRanked,brawlBall,victory,56.0,,,#LV9QQLR08,nguyentran,16000034.0,JACKY,10.0,3.0,#29GU08Q9U,Ferdinando11,16000020.0,FRANK,9.0,3.0,#2QC99RP0UV,CHRISS,16000043.0,EDGAR,9.0,3.0,#LV9QQLR08,nguyentran,16000034.0,JACKY,10.0,3.0,,,,,,,,,,,,,,,,,,
20241113T190808.000Z,15000440,knockout,Flaring Phoenix,soloRanked,knockout,victory,111.0,,,#88VRUGUP8,plex,16000085.0,KENJI,11.0,3.0,#LV9QQLR08,nguyentran,16000048.0,GROM,9.0,3.0,#2Q9YVQLV9V,GhoulAxl,16000019.0,PENNY,10.0,3.0,#88VRUGUP8,plex,16000085.0,KENJI,11.0,3.0,,,,,,,,,,,,,,,,,,
20241113T190503.000Z,15000440,knockout,Flaring Phoenix,soloRanked,knockout,victory,68.0,,,#RPR2P0QY0,Hapha,16000043.0,EDGAR,11.0,2.0,#RPR2P0QY0,Hapha,16000043.0,EDGAR,11.0,2.0,#8Q8JLCP09,SÕõ‚Ç≥‚Ç•888,16000004.0,RICO,11.0,2.0,#LV9QQLR08,nguyentran,16000001.0,COLT,10.0,2.0,,,,,,,,,,,,,,,,,,
20241111T192706.000Z,15000053,heist,Hot Potato,soloRanked,heist,victory,85.0,,,#8V9RPCLP9,üòà‚óèSa{Y}ReX‚óèüòà,16000001.0,COLT,11.0,2.0,#LV9QQLR08,nguyentran,16000035.0,GALE,9.0,2.0,#2QGJUP82CV,cannonball,16000053.0,LOLA,9.0,2.0,#2QL2V8UCPU,mortƒ±lüáπüá∑meyin,16000001.0,COLT,9.0,2.0,,,,,,,,,,,,,,,,,,
20241111T192452.000Z,15000548,knockout,Out in the Open,soloRanked,knockout,victory,58.0,,,#989YYQYVP,baptiste,16000015.0,PIPER,11.0,2.0,#989YYQYVP,baptiste,16000015.0,PIPER,11.0,2.0,#LV9QQLR08,nguyentran,16000003.0,BROCK,9.0,2.0,#PCCLYJCC0,ghy,16000031.0,MR. P,10.0,2.0,,,,,,,,,,,,,,,,,,
20241111T192304.000Z,15000053,heist,Hot Potato,soloRanked,heist,victory,77.0,,,#LL9P8PQG9,Coca-Cola,16000077.0,LARRY & LAWRIE,9.0,2.0,#22YRUUV88C,‚ù§Ô∏è‚Äçüî•‚ù§Ô∏èüíû,16000001.0,COLT,10.0,2.0,#LL9P8PQG9,Coca-Cola,16000077.0,LARRY & LAWRIE,9.0,2.0,#LV9QQLR08,nguyentran,16000054.0,FANG,10.0,2.0,,,,,,,,,,,,,,,,,,
20241111T192034.000Z,15000368,knockout,Belle's Rock,soloRanked,knockout,victory,106.0,,,#GRJ202GLG,vIcallMeDxevil-,16000029.0,BEA,11.0,2.0,#LV9QQLR08,nguyentran,16000077.0,LARRY & LAWRIE,9.0,1.0,#LQQYGCV29,colin,16000005.0,SPIKE,11.0,2.0,#LQQ0VGYGG,El pizzaioloüçï,16000009.0,DYNAMIKE,11.0,2.0,,,,,,,,,,,,,,,,,,
20241111T191751.000Z,15000004,bounty,Snake Prairie,soloRanked,bounty,defeat,76.0,,,#R0209P89L,–ë–æ–µ—Ü,16000000.0,SHELLY,11.0,1.0,#L99UYGG8V,mr.H,16000075.0,MICO,11.0,2.0,#LV9QQLR08,nguyentran,16000043.0,EDGAR,10.0,1.0,#LQQYGCV29,colin,16000024.0,ROSA,11.0,2.0,,,,,,,,,,,,,,,,,,
20241111T191458.000Z,15000050,brawlBall,Sneaky Fields,soloRanked,brawlBall,victory,57.0,,,#LV9QQLR08,nguyentran,16000034.0,JACKY,10.0,1.0,#29RJJGP8Q,kƒØ√±g√∏G,16000043.0,EDGAR,11.0,1.0,#LV9QQLR08,nguyentran,16000034.0,JACKY,10.0,1.0,#LQQYGCV29,colin,16000005.0,SPIKE,11.0,1.0,,,,,,,,,,,,,,,,,,
20241111T191314.000Z,15000293,hotZone,Parallel Plays,soloRanked,hotZone,victory,70.0,,,#LV9QQLR08,nguyentran,16000034.0,JACKY,10.0,1.0,#89UJY0C0C,aaraa,16000040.0,AMBER,11.0,1.0,#LV9QQLR08,nguyentran,16000034.0,JACKY,10.0,1.0,#LQQYGCV29,colin,16000048.0,GROM,11.0,1.0,,,,,,,,,,,,,,,,,,
20241111T191119.000Z,15000292,hotZone,Open Business,soloRanked,hotZone,victory,109.0,,,#LQQYGCV29,colin,16000005.0,SPIKE,11.0,1.0,#C0RCUJUC,Mark-Gamer,16000048.0,GROM,10.0,1.0,#LV9QQLR08,nguyentran,16000004.0,RICO,9.0,1.0,#LQQYGCV29,colin,16000005.0,SPIKE,11.0,1.0,,,,,,,,,,,,,,,,,,
20241111T190831.000Z,15000054,bounty,Canal Grande,soloRanked,bounty,victory,50.0,,,#2YU8JPPUGJ,holi,16000000.0,SHELLY,11.0,1.0,#2YU8JPPUGJ,holi,16000000.0,SHELLY,11.0,1.0,#LV9QQLR08,nguyentran,16000009.0,DYNAMIKE,9.0,1.0,#LQQYGCV29,colin,16000014.0,BO,10.0,1.0,,,,,,,,,,,,,,,,,,
20241111T120407.000Z,15000700,knockout5V5,Sizzling Chambers,ranked,knockout,defeat,209.0,,-3.0,#RQVRPGVGP,flash maquein,16000042.0,BYRON,9.0,517.0,#2L0RCG8LUC,ƒÜ√≠≈Ñ√°≈ô,16000030.0,EMZ,10.0,451.0,#2QYVR0VQVU,uukns,16000009.0,DYNAMIKE,9.0,499.0,#LV9QQLR08,nguyentran,16000075.0,MICO,9.0,496.0,#RPQVV89QG,gabe,16000005.0,SPIKE,9.0,500.0,#299L8C9PV,Cobra,16000087.0,JUJU,10.0,498.0,,,,,,
20241111T115959.000Z,15000368,knockout,Belle's Rock,ranked,knockout,defeat,37.0,,,#GGYV290PR,stayhigh,16000000.0,SHELLY,11.0,536.0,#GGYV290PR,stayhigh,16000000.0,SHELLY,11.0,536.0,#GVCRJLQC9,Artemis.420,16000037.0,SPROUT,1.0,8.0,#LV9QQLR08,nguyentran,16000075.0,MICO,9.0,496.0,,,,,,,,,,,,,,,,,,
20241111T115834.000Z,15000368,knockout,Belle's Rock,ranked,knockout,victory,96.0,,9.0,#20L9JGPGP,vivi07,16000013.0,POCO,8.0,512.0,#20L9JGPGP,vivi07,16000013.0,POCO,8.0,512.0,#UP29R0GG0,—Ö–∏—Å–æ–Ω–∏_999,16000052.0,MEG,9.0,508.0,#LV9QQLR08,nguyentran,16000075.0,MICO,9.0,487.0,,,,,,,,,,,,,,,,,,
20241111T115620.000Z,15000700,knockout5V5,Sizzling Chambers,ranked,knockout,victory,306.0,,8.0,#VY9UVULY,vilderswef,16000014.0,BO,11.0,489.0,#GJURJVYLL,–õ–ï–û–ù,16000011.0,MORTIS,9.0,484.0,#20VUQYV9GG,milan,16000085.0,KENJI,10.0,476.0,#LV9QQLR08,nguyentran,16000075.0,MICO,9.0,479.0,#VY9UVULY,vilderswef,16000014.0,BO,11.0,489.0,#80QGRLU9L,Artemlol33,16000019.0,PENNY,8.0,473.0,,,,,,
20241111T105230.000Z,15000033,soloShowdown,Cavern Churn,ranked,soloShowdown,,,1.0,10.0,,,,,,,,,,,,,,,,,,,,,,,,,,,,,,,,,,,,,,,,,,
20241111T105141.000Z,15000033,soloShowdown,Cavern Churn,ranked,soloShowdown,,,6.0,1.0,,,,,,,,,,,,,,,,,,,,,,,,,,,,,,,,,,,,,,,,,,
20241129T024900.000Z,15000132,brawlBall,Center Stage,soloRanked,brawlBall,defeat,78.0,,,#2L9U0L8GJR,Gangsteris,16000043.0,EDGAR,10.0,5.0,#PQQL2JLU8,Arath‚ö°,16000004.0,RICO,11.0,5.0,#GY9VQ9GUU,cavTiger,16000080.0,DRACO,9.0,5.0,#LV9QQLR08,nguyentran,16000034.0,JACKY,10.0,5.0,,,,,,,,,,,,,,,,,,
20241129T024654.000Z,15000054,bounty,Canal Grande,soloRanked,bounty,defeat,68.0,,,#8YGVCLJRL,„Ää‚òÜTi»õi‚òÜ„Äã,16000019.0,PENNY,9.0,6.0,#P29QCVUG2,mozzie,16000023.0,LEON,11.0,6.0,#900YYV02L,0000000,16000001.0,COLT,11.0,5.0,#LV9QQLR08,nguyentran,16000009.0,DYNAMIKE,9.0,5.0,,,,,,,,,,,,,,,,,,
20241127T210524.000Z,15000018,heist,Kaboom Canyon,soloRanked,heist,victory,150.0,,,#8JC9URGYR,BOSS,16000083.0,CLANCY,8.0,474.0,#9P8QGCR2V,1fir0n1,16000004.0,RICO,9.0,5.0,#LV9QQLR08,nguyentran,16000026.0,BIBI,9.0,5.0,#2QCL82LY2G,Mamaris,16000032.0,MAX,9.0,5.0,,,,,,,,,,,,,,,,,,
20241127T210203.000Z,15000548,knockout,Out in the Open,soloRanked,knockout,defeat,71.0,,,#2QGJ0YR9R9,Limon üçãüê•,16000043.0,EDGAR,9.0,5.0,#LV9QQLR08,nguyentran,16000035.0,GALE,9.0,5.0,#GQY2L8C9U,Marcisa,16000015.0,PIPER,11.0,5.0,#RG82YQYJY,leonriki,16000027.0,8-BIT,9.0,4.0,,,,,,,,,,,,,,,,,,
20241127T205958.000Z,15000011,gemGrab,Undermine,soloRanked,gemGrab,defeat,139.0,,,#8YLY9GJ2C,Ali kral,16000025.0,CARL,11.0,5.0,#2QL2J02RGP,mef4ik,16000016.0,PAM,9.0,5.0,#LV9QQLR08,nguyentran,16000003.0,BROCK,9.0,5.0,#8Y0Q2C2VL,–ú–∞–∫—Å–∏–º,16000017.0,TARA,11.0,5.0,,,,,,,,,,,,,,,,,,
20241127T205642.000Z,15000011,gemGrab,Undermine,soloRanked,gemGrab,victory,106.0,,,#LV9QQLR08,nguyentran,16000048.0,GROM,9.0,5.0,#LPQUJCJR,SUPER TATA 2,16000008.0,NITA,10.0,5.0,#28G2982RG0,Johagan7,16000030.0,EMZ,10.0,5.0,#LV9QQLR08,nguyentran,16000048.0,GROM,9.0,5.0,,,,,,,,,,,,,,,,,,
20241127T205402.000Z,15000025,brawlBall,Triple Dribble,soloRanked,brawlBall,defeat,130.0,,,#2UCJGYUU,CryingM1tk0,16000005.0,SPIKE,11.0,5.0,#2UCJGYUU,CryingM1tk0,16000005.0,SPIKE,11.0,5.0,#YLR2YJGYQ,faszasz,16000054.0,FANG,11.0,5.0,#LV9QQLR08,nguyentran,16000012.0,CROW,9.0,5.0,,,,,,,,,,,,,,,,,,
20241127T205101.000Z,15000050,brawlBall,Sneaky Fields,soloRanked,brawlBall,victory,44.0,,,#LJP2CVRYR,rang 35 colt,16000005.0,SPIKE,11.0,5.0,#LV9QQLR08,nguyentran,16000034.0,JACKY,10.0,5.0,#PJGL8RP8U,üòàJAVIüòà,16000020.0,FRANK,10.0,5.0,#LJP2CVRYR,rang 35 colt,16000005.0,SPIKE,11.0,5.0,,,,,,,,,,,,,,,,,,
20241127T204917.000Z,15000018,heist,Kaboom Canyon,soloRanked,heist,victory,150.0,,,#PJ280Q98,bleky,16000050.0,GRIFF,11.0,4.0,#PJ280Q98,bleky,16000050.0,GRIFF,11.0,4.0,#2C08VGLCU,Fl√≥ki,16000003.0,BROCK,11.0,4.0,#LV9QQLR08,nguyentran,16000001.0,COLT,10.0,4.0,,,,,,,,,,,,,,,,,,
20241127T142926.000Z,15000734,knockout,Four Levels,ranked,knockout,defeat,91.0,,-3.0,#9802JLLUL,X_x.sad.aricek„ÉÑ,16000081.0,LILY,9.0,462.0,#CP8QCVRC,üç∞üçì~>‚Ñïêçà≈äêçàùêã‚ô°,16000021.0,GENE,11.0,440.0,#Q8R8CV8RR,Fungart,16000028.0,SANDY,9.0,451.0,#LV9QQLR08,nguyentran,16000005.0,SPIKE,9.0,460.0,,,,,,,,,,,,,,,,,,
20241125T152136.000Z,15000841,hotZone,From Dusk till Dawn,ranked,hotZone,defeat,65.0,,-3.0,#QP0Q9LC09,ü•Ä‚Ñ≥‚Ñ¥ùíΩùí∂ùìÇùí∂ùíπ,16000085.0,KENJI,9.0,450.0,#LV9QQLR08,nguyentran,16000005.0,SPIKE,9.0,463.0,#208RYJ0LP2,JURAa,16000032.0,MAX,8.0,385.0,#RYJPCYP8V,N√∏tGay‚Ñ¢Ô∏è:),16000013.0,POCO,7.0,406.0,,,,,,,,,,,,,,,,,,
20241125T151944.000Z,15000747,knockout5V5,Riverbank Crossing,ranked,knockout,victory,207.0,,9.0,#YV8YUYYGP,Gosia,16000047.0,SQUEAK,8.0,430.0,#2LUYRV8QPV,szymon,16000009.0,DYNAMIKE,9.0,408.0,#GQQG08YJG,–∫—Ç–æ —è –∑–∞—á–µ–º —è,16000001.0,COLT,7.0,467.0,#YV8YUYYGP,Gosia,16000047.0,SQUEAK,8.0,430.0,#LV9QQLR08,nguyentran,16000005.0,SPIKE,9.0,454.0,#9UGVGQJRL,Sm | SkyWolker,16000036.0,NANI,9.0,453.0,,,,,,
20241125T151550.000Z,15000747,knockout5V5,Riverbank Crossing,ranked,knockout,victory,143.0,,8.0,#LV9QQLR08,nguyentran,16000005.0,SPIKE,9.0,446.0,#2LL9PQQYGP,ertuƒürul,16000030.0,EMZ,7.0,427.0,#2QGRLGYPQG,Pele,16000005.0,SPIKE,10.0,424.0,#2LRUQLP2QR,–¥—ã–¥–¥—ã–¥—ã—ã–ª—è,16000087.0,JUJU,7.0,439.0,#LGLGUGV8C,mikro,16000045.0,STU,11.0,449.0,#LV9QQLR08,nguyentran,16000005.0,SPIKE,9.0,446.0,,,,,,
20241125T151235.000Z,15000816,knockout,Sunset Spar,ranked,knockout,victory,132.0,,11.0,#LV9QQLR08,nguyentran,16000015.0,PIPER,9.0,499.0,#UR0U8L2P,Senhor Batata f,16000004.0,RICO,9.0,494.0,#RP98Y02RC,Tebi,16000020.0,FRANK,9.0,493.0,#LV9QQLR08,nguyentran,16000015.0,PIPER,9.0,499.0,,,,,,,,,,,,,,,,,,
20241125T150943.000Z,15000816,knockout,Sunset Spar,ranked,knockout,victory,70.0,,10.0,#QPU8LL02,Michel_1194,16000084.0,MOE,9.0,508.0,#2QJQVGR8QU,cute jojo,16000043.0,EDGAR,9.0,488.0,#LV9QQLR08,nguyentran,16000015.0,PIPER,9.0,489.0,#QPU8LL02,Michel_1194,16000084.0,MOE,9.0,508.0,,,,,,,,,,,,,,,,,,
20241125T150759.000Z,15000816,knockout,Sunset Spar,ranked,knockout,victory,91.0,,9.0,#2G2YVP8RLV,Todoroki,16000030.0,EMZ,9.0,430.0,#2G2YVP8RLV,Todoroki,16000030.0,EMZ,9.0,430.0,#YV8L0GV2L,DEEP END Kƒ∞LL,16000026.0,BIBI,11.0,491.0,#LV9QQLR08,nguyentran,16000015.0,PIPER,9.0,480.0,,,,,,,,,,,,,,,,,,
20241125T150604.000Z,15000816,knockout,Sunset Spar,ranked,knockout,victory,62.0,,8.0,#2QQ99CYR29,CR7,16000005.0,SPIKE,11.0,505.0,#LV9QQLR08,nguyentran,16000015.0,PIPER,9.0,472.0,#2QQ99CYR29,CR7,16000005.0,SPIKE,11.0,505.0,#2QR29VYVYQ,bonzi,16000010.0,EL PRIMO,7.0,487.0,,,,,,,,,,,,,,,,,,
20241125T150417.000Z,15000025,brawlBall,Triple Dribble,ranked,brawlBall,defeat,147.0,,-3.0,#9VUYPR8,iam._.mqnux,16000085.0,KENJI,10.0,883.0,#LV9QQLR08,nguyentran,16000032.0,MAX,9.0,480.0,#2LV0PLP8G,connorli,16000020.0,FRANK,11.0,954.0,#YC9CYUJJ9,GZ_paky 38,16000004.0,RICO,11.0,936.0,,,,,,,,,,,,,,,,,,
20241125T150120.000Z,15000025,brawlBall,Triple Dribble,ranked,brawlBall,defeat,108.0,,-3.0,#YPVQVJPUP,Rayan,16000026.0,BIBI,10.0,480.0,#LV9QQLR08,nguyentran,16000032.0,MAX,9.0,483.0,#RY0V2VLP8,–¥–∂–µ–ª,16000026.0,BIBI,9.0,482.0,#YR8VLR9RY,LDR|MAHMUT,16000067.0,WILLOW,9.0,483.0,,,,,,,,,,,,,,,,,,
20241125T145854.000Z,15000025,brawlBall,Triple Dribble,ranked,brawlBall,victory,38.0,,8.0,#Q2YGJJ99Y,ü•íüí¶,16000008.0,NITA,9.0,474.0,#Q2YGJJ99Y,ü•íüí¶,16000008.0,NITA,9.0,474.0,#2LG2V0CVRJ,ANTEk,16000043.0,EDGAR,9.0,477.0,#LV9QQLR08,nguyentran,16000032.0,MAX,9.0,475.0,,,,,,,,,,,,,,,,,,
20241124T125943.000Z,15000132,brawlBall,Center Stage,ranked,brawlBall,defeat,60.0,,-3.0,#QCRPP9C00,Pentilinpinpin,16000018.0,DARRYL,9.0,241.0,#2LCC8J8V0G,Yann 2.0,16000043.0,EDGAR,7.0,469.0,#RG2L2L8CY,Calypso,16000018.0,DARRYL,9.0,477.0,#LV9QQLR08,nguyentran,16000032.0,MAX,9.0,478.0,,,,,,,,,,,,,,,,,,
20241120T181926.000Z,15000005,bounty,Shooting Star,soloRanked,bounty,victory,85.0,,,#P9LRY8VQV,Just,16000009.0,DYNAMIKE,11.0,4.0,#GLRLRPCUQ,Arhampro779,16000011.0,MORTIS,11.0,4.0,#P9LRY8VQV,Just,16000009.0,DYNAMIKE,11.0,4.0,#LV9QQLR08,nguyentran,16000014.0,BO,9.0,4.0,,,,,,,,,,,,,,,,,,
20241120T181608.000Z,15000367,knockout,Goldarm Gulch,soloRanked,knockout,defeat,114.0,,,#RPG022LUG,Shreck,16000063.0,CHESTER,10.0,4.0,#GCQVU2Y2U,Vete A La LOBBY,16000075.0,MICO,10.0,4.0,#LV9QQLR08,nguyentran,16000076.0,KIT,9.0,4.0,#GUP2898LV,MoHaMeD_ü§åüèª,16000015.0,PIPER,11.0,4.0,,,,,,,,,,,,,,,,,,
20241120T181325.000Z,15000022,bounty,Hideout,soloRanked,bounty,victory,81.0,,,#U99YQG9J,–º—ñ—Ä–Ω–∏–π,16000035.0,GALE,11.0,4.0,#2Q0PUGQQCY,$A√ë11,16000019.0,PENNY,9.0,4.0,#U99YQG9J,–º—ñ—Ä–Ω–∏–π,16000035.0,GALE,11.0,4.0,#LV9QQLR08,nguyentran,16000022.0,TICK,9.0,4.0,,,,,,,,,,,,,,,,,,
20241120T181111.000Z,15000053,heist,Hot Potato,soloRanked,heist,victory,55.0,,,#9LLJGRY29,–≥–æ—Å—Ç—å 666,16000018.0,DARRYL,11.0,4.0,#2QU80V9C8G,–¥–∞–≤–∏–¥,16000009.0,DYNAMIKE,11.0,4.0,#LV9QQLR08,nguyentran,16000007.0,JESSIE,9.0,4.0,#9LLJGRY29,–≥–æ—Å—Ç—å 666,16000018.0,DARRYL,11.0,4.0,,,,,,,,,,,,,,,,,,
20241120T181325.000Z,15000022,bounty,Hideout,soloRanked,bounty,victory,81.0,,,#U99YQG9J,–∞—Ä–∏–Ω–∞–±–æ—Ç,16000035.0,GALE,11.0,4.0,#2Q0PUGQQCY,$A√ë11,16000019.0,PENNY,9.0,4.0,#U99YQG9J,–∞—Ä–∏–Ω–∞–±–æ—Ç,16000035.0,GALE,11.0,4.0,#LV9QQLR08,nguyentran,16000022.0,TICK,9.0,4.0,,,,,,,,,,,,,,,,,,
20241120T180934.000Z,15000548,knockout,Out in the Open,soloRanked,knockout,victory,147.0,,,#RGJJUYPLQ,VictorT08,16000027.0,8-BIT,11.0,4.0,#RRY980UL9,KUBEK_PREZESü§ë,16000030.0,EMZ,11.0,4.0,#LV9QQLR08,nguyentran,16000015.0,PIPER,9.0,4.0,#9822P09R,giolly 2,16000001.0,COLT,11.0,4.0,,,,,,,,,,,,,,,,,,
20241120T180609.000Z,15000115,gemGrab,Double Swoosh,soloRanked,gemGrab,victory,90.0,,,#2QGU8C00JY,Patrik,16000018.0,DARRYL,10.0,4.0,#890JP8YYU,ela are ela,16000020.0,FRANK,11.0,4.0,#LV9QQLR08,nguyentran,16000034.0,JACKY,10.0,4.0,#2LCJJPG0L2,ma√´l‚ô§¬•$,16000043.0,EDGAR,9.0,4.0,,,,,,,,,,,,,,,,,,
20241120T180351.000Z,15000072,heist,Bridge Too Far,soloRanked,heist,defeat,63.0,,,#QVPJCPRYV,BOSS POWER üáµüá∏,16000050.0,GRIFF,9.0,4.0,#LV9QQLR08,nguyentran,16000015.0,PIPER,9.0,4.0,#2G080VYCUC,Alex 2.0,16000001.0,COLT,10.0,4.0,#2G889Y2UUY,pa≈•a,16000000.0,SHELLY,9.0,4.0,,,,,,,,,,,,,,,,,,
20241120T180156.000Z,15000300,hotZone,Ring of Fire,soloRanked,hotZone,victory,74.0,,,#LP0U22PUG,Wertix,16000043.0,EDGAR,11.0,3.0,#LV9QQLR08,nguyentran,16000005.0,SPIKE,9.0,3.0,#LP0U22PUG,Wertix,16000043.0,EDGAR,11.0,3.0,#2YL9QY9GJU,zhanymkaaü§ç,16000030.0,EMZ,11.0,3.0,,,,,,,,,,,,,,,,,,
20241120T175945.000Z,15000025,brawlBall,Triple Dribble,soloRanked,brawlBall,victory,40.0,,,#P8URU0Q22,mert,16000020.0,FRANK,11.0,3.0,#2Q2RGPG90G,berat pro,16000018.0,DARRYL,9.0,3.0,#P8URU0Q22,mert,16000020.0,FRANK,11.0,3.0,#LV9QQLR08,nguyentran,16000049.0,BUZZ,9.0,3.0,,,,,,,,,,,,,,,,,,
20241120T175808.000Z,15000022,bounty,Hideout,soloRanked,bounty,victory,48.0,,,#28JLQ202U,sosy_jopy//:,16000009.0,DYNAMIKE,10.0,3.0,#LV9QQLR08,nguyentran,16000011.0,MORTIS,9.0,3.0,#2LQURR80V0,Chimotyri,16000043.0,EDGAR,9.0,3.0,#28JLQ202U,sosy_jopy//:,16000009.0,DYNAMIKE,10.0,3.0,,,,,,,,,,,,,,,,,,
20241120T175630.000Z,15000004,bounty,Snake Prairie,soloRanked,bounty,defeat,54.0,,,#L2LY00RVL,florns,16000000.0,SHELLY,10.0,3.0,#GCPPG8YYC,–∞–ª–∏–Ω—É—Å,16000043.0,EDGAR,11.0,3.0,#LV9QQLR08,nguyentran,16000024.0,ROSA,9.0,3.0,#2QV299L8C2,Owen,16000010.0,EL PRIMO,9.0,3.0,,,,,,,,,,,,,,,,,,
20241213T135336.000Z,15000702,duoShowdown,Marksman's Paradise,ranked,duoShowdown,,,3.0,,,,,,,,#2GL8YLVPGY,fettuccine,16000008.0,NITA,1.0,9.0,#LV9QQLR08,nguyentran,16000088.0,BUZZ LIGHTYEAR,11.0,30.0,,,,,,,,,,,,,,,,,,,,,,,,
20241213T135211.000Z,15000702,duoShowdown,Marksman's Paradise,ranked,duoShowdown,,,1.0,11.0,,,,,,,#2GL8YLVPGY,fettuccine,16000008.0,NITA,1.0,0.0,#LV9QQLR08,nguyentran,16000088.0,BUZZ LIGHTYEAR,11.0,19.0,,,,,,,,,,,,,,,,,,,,,,,,
20241213T135009.000Z,15000702,duoShowdown,Marksman's Paradise,ranked,duoShowdown,,,1.0,10.0,,,,,,,#2GL8YLVPGY,fettuccine,16000000.0,SHELLY,1.0,17.0,#LV9QQLR08,nguyentran,16000088.0,BUZZ LIGHTYEAR,11.0,9.0,,,,,,,,,,,,,,,,,,,,,,,,
20241213T134846.000Z,15000702,duoShowdown,Marksman's Paradise,ranked,duoShowdown,,,1.0,9.0,,,,,,,#2GL8YLVPGY,fettuccine,16000000.0,SHELLY,1.0,8.0,#LV9QQLR08,nguyentran,16000088.0,BUZZ LIGHTYEAR,11.0,0.0,,,,,,,,,,,,,,,,,,,,,,,,
20241213T014654.000Z,15000548,knockout,Out in the Open,soloRanked,knockout,defeat,167.0,,,#GRU8JYVC8,Andruselu,16000012.0,CROW,10.0,2.0,#2LQPLQ8VGL,AVTO PROMCHIK,16000027.0,8-BIT,10.0,2.0,#LV9QQLR08,nguyentran,16000046.0,BELLE,9.0,2.0,#QGQPR0UR,beuh,16000014.0,BO,11.0,2.0,,,,,,,,,,,,,,,,,,
20241213T000537.000Z,15000702,duoShowdown,Marksman's Paradise,ranked,duoShowdown,,,2.0,12.0,,,,,,,#2GL8YLVPGY,fettuccine,16000000.0,SHELLY,1.0,1.0,#LV9QQLR08,nguyentran,16000082.0,BERRY,9.0,106.0,,,,,,,,,,,,,,,,,,,,,,,,
20241213T000030.000Z,15000018,heist,Kaboom Canyon,soloRanked,heist,victory,64.0,,,#PQYPVVLU,–ø–∞–ø–∞—à–∞3131,16000050.0,GRIFF,11.0,2.0,#YLVYP0U,MagicoG2020,16000007.0,JESSIE,11.0,2.0,#LV9QQLR08,nguyentran,16000005.0,SPIKE,9.0,2.0,#PQYPVVLU,–ø–∞–ø–∞—à–∞3131,16000050.0,GRIFF,11.0,2.0,,,,,,,,,,,,,,,,,,
20241212T234356.000Z,15000019,heist,Safe Zone,soloRanked,heist,victory,150.0,,,#2G9QG8GJY2,kyka_or,16000030.0,EMZ,9.0,2.0,#LV9QQLR08,nguyentran,16000003.0,BROCK,9.0,2.0,#2G9QG8GJY2,kyka_or,16000030.0,EMZ,9.0,2.0,#8JP2RQ9PY,raminhos,16000023.0,LEON,10.0,2.0,,,,,,,,,,,,,,,,,,
20241211T141436.000Z,15000306,hotZone,Dueling Beetles,soloRanked,hotZone,victory,72.0,,,#LV9QQLR08,nguyentran,16000009.0,DYNAMIKE,9.0,2.0,#QL99JQV9,BrawlMark,16000060.0,SAM,9.0,2.0,#P2VL08RUG,SL4yer,16000011.0,MORTIS,11.0,2.0,#LV9QQLR08,nguyentran,16000009.0,DYNAMIKE,9.0,2.0,,,,,,,,,,,,,,,,,,
20241211T141221.000Z,15000300,hotZone,Ring of Fire,soloRanked,hotZone,victory,75.0,,,#LV9QQLR08,nguyentran,16000054.0,FANG,10.0,1.0,#2G9P9G2890,ƒ∞mparator _YBT,16000011.0,MORTIS,9.0,1.0,#P2JURUU9G,ŒëŒªŒµœá,16000086.0,SHADE,10.0,1.0,#LV9QQLR08,nguyentran,16000054.0,FANG,10.0,1.0,,,,,,,,,,,,,,,,,,
20241211T141002.000Z,15000293,hotZone,Parallel Plays,soloRanked,hotZone,victory,118.0,,,#2008G8P80P,√ìdilles üåü,16000005.0,SPIKE,11.0,1.0,#LV9QQLR08,nguyentran,16000034.0,JACKY,10.0,1.0,#28Y99P82VU,ayrton 13,16000019.0,PENNY,9.0,1.0,#R89GPQR98,anonyme,16000007.0,JESSIE,11.0,1.0,,,,,,,,,,,,,,,,,,
20241211T140646.000Z,15000292,hotZone,Open Business,soloRanked,hotZone,victory,110.0,,,#LV9QQLR08,nguyentran,16000030.0,EMZ,9.0,1.0,#2QGP9G8ULP,Baptiste fff,16000022.0,TICK,9.0,1.0,#LV9QQLR08,nguyentran,16000030.0,EMZ,9.0,1.0,#JL2VC2LGG,üëéüëéüëé,16000011.0,MORTIS,9.0,1.0,,,,,,,,,,,,,,,,,,
20241211T140357.000Z,15000115,gemGrab,Double Swoosh,soloRanked,gemGrab,victory,94.0,,,#LV9QQLR08,nguyentran,16000034.0,JACKY,10.0,1.0,#LV9QQLR08,nguyentran,16000034.0,JACKY,10.0,1.0,#2QQRYPR8VL,5432,16000043.0,EDGAR,11.0,1.0,#2LU2VCYU08,re gg,16000001.0,COLT,10.0,1.0,,,,,,,,,,,,,,,,,,
20241211T140136.000Z,15000368,knockout,Belle's Rock,soloRanked,knockout,victory,36.0,,,#LV9QQLR08,nguyentran,16000022.0,TICK,9.0,1.0,#LV9QQLR08,nguyentran,16000022.0,TICK,9.0,1.0,#2LVRUYQ2CJ,LukasBS,16000009.0,DYNAMIKE,10.0,1.0,#2G9UJYVLRU,Hyra,16000086.0,SHADE,11.0,1.0,,,,,,,,,,,,,,,,,,
20241211T140001.000Z,15000050,brawlBall,Sneaky Fields,ranked,brawlBall,defeat,114.0,,-1.0,#RUQ0J2299,panaa_jr,16000086.0,SHADE,11.0,147.0,#28CL0GU28G,UNAIv,16000082.0,BERRY,1.0,139.0,#LV9QQLR08,nguyentran,16000063.0,CHESTER,9.0,144.0,#2G09P22JL8,esteban,16000086.0,SHADE,7.0,146.0,,,,,,,,,,,,,,,,,,
20241211T135737.000Z,15000050,brawlBall,Sneaky Fields,ranked,brawlBall,victory,78.0,,8.0,#LV9QQLR08,nguyentran,16000063.0,CHESTER,9.0,136.0,#2GLYV2LCCQ,LuLu,16000008.0,NITA,5.0,139.0,#2QJLG89G89,Pro_akif,16000004.0,RICO,4.0,138.0,#LV9QQLR08,nguyentran,16000063.0,CHESTER,9.0,136.0,,,,,,,,,,,,,,,,,,
20241211T135518.000Z,15000050,brawlBall,Sneaky Fields,ranked,brawlBall,victory,67.0,,13.0,#JLP9LUGPC,üá¨üá™√üs|b√π»õ√∏≈Ü»õüíØ,16000086.0,SHADE,11.0,85.0,#JLP9LUGPC,üá¨üá™√üs|b√π»õ√∏≈Ü»õüíØ,16000086.0,SHADE,11.0,85.0,#LUJ0PQP,‚ö°AloNeDaRk‚ö°,16000040.0,AMBER,1.0,89.0,#LV9QQLR08,nguyentran,16000082.0,BERRY,9.0,93.0,,,,,,,,,,,,,,,,,,
20241215T221035.000Z,15000011,gemGrab,Undermine,soloRanked,gemGrab,victory,88.0,,,#LV9QQLR08,nguyentran,16000052.0,MEG,9.0,4.0,#2QJVLP0YGU,Louis,16000004.0,RICO,9.0,4.0,#LV9QQLR08,nguyentran,16000052.0,MEG,9.0,4.0,#89CQG2RJ2,üëæhoelitoüëæ,16000011.0,MORTIS,11.0,5.0,,,,,,,,,,,,,,,,,,
20241215T220817.000Z,15000293,hotZone,Parallel Plays,soloRanked,hotZone,defeat,96.0,,,#YURU8PQP,Frost,16000049.0,BUZZ,11.0,4.0,#YQU99PLPC,Fortnite Bende,16000058.0,BONNIE,9.0,4.0,#222GPYR8VV,lastars16,16000057.0,JANET,9.0,4.0,#LV9QQLR08,nguyentran,16000043.0,EDGAR,10.0,4.0,,,,,,,,,,,,,,,,,,
20241215T220553.000Z,15000293,hotZone,Parallel Plays,soloRanked,hotZone,defeat,77.0,,,#GCCLQQR98,yumbino,16000077.0,LARRY & LAWRIE,11.0,4.0,#LV9QQLR08,nguyentran,16000038.0,SURGE,9.0,4.0,#GJR8G2QGU,|‚ô§|HAMBER|‚ô§|,16000043.0,EDGAR,11.0,4.0,#22GCYGU8PG,laauu16,16000027.0,8-BIT,9.0,4.0,,,,,,,,,,,,,,,,,,
20241215T220335.000Z,15000208,presentPlunder,Twisted Plan,ranked,trophyThieves,victory,34.0,,,#L0ULV08GV,üåπQLS|ROZA4KAüåπ,16000023.0,LEON,11.0,480.0,#Y9J9Y8GJ8,BELEN,16000014.0,BO,10.0,529.0,#LV9QQLR08,nguyentran,16000020.0,FRANK,9.0,500.0,#L0ULV08GV,üåπQLS|ROZA4KAüåπ,16000023.0,LEON,11.0,480.0,,,,,,,,,,,,,,,,,,
20241215T220209.000Z,15000805,unknown,Rock Bottom,ranked,siege,victory,94.0,,,#GQ202820G,ü™®general rosa,16000001.0,COLT,11.0,588.0,#LV9QQLR08,nguyentran,16000088.0,BUZZ LIGHTYEAR,11.0,137.0,#2898CGQUU,thedoge,16000020.0,FRANK,11.0,976.0,#GQ202820G,ü™®general rosa,16000001.0,COLT,11.0,588.0,,,,,,,,,,,,,,,,,,
20241215T215941.000Z,15000203,presentPlunder,Walk In Walk Out,ranked,trophyThieves,victory,84.0,,,#2898CGQUU,thedoge,16000020.0,FRANK,11.0,976.0,#LG0G8CQCU,–≤–∏–∑—É–Ω—á–∏–∫,16000026.0,BIBI,11.0,452.0,#LV9QQLR08,nguyentran,16000032.0,MAX,9.0,477.0,#2898CGQUU,thedoge,16000020.0,FRANK,11.0,976.0,,,,,,,,,,,,,,,,,,
20241215T215721.000Z,15000820,unknown,Broiler Room,ranked,siege,victory,85.0,,,#2YP8UCV00Y,‰∫ûÊ≠∑ÂÖãÊñØÊòØ‰∏≠Âúã‰∫∫„ÄÇ,16000007.0,JESSIE,11.0,818.0,#2898CGQUU,thedoge,16000009.0,DYNAMIKE,11.0,948.0,#LV9QQLR08,nguyentran,16000005.0,SPIKE,9.0,457.0,#2C99Q8RQV,bob,16000030.0,EMZ,11.0,766.0,,,,,,,,,,,,,,,,,,
20241215T215446.000Z,15000548,knockout,Out in the Open,soloRanked,knockout,victory,55.0,,,#GQCVQGV,_josepsoto,16000003.0,BROCK,11.0,4.0,#GQCVQGV,_josepsoto,16000003.0,BROCK,11.0,4.0,#22LRV02V,MasterLeon,16000081.0,LILY,11.0,4.0,#LV9QQLR08,nguyentran,16000035.0,GALE,9.0,4.0,,,,,,,,,,,,,,,,,,
20241215T215306.000Z,15000636,gemGrab,Last Stop,soloRanked,gemGrab,victory,92.0,,,#8GUG89QLG,Naiiiinnoooo,16000081.0,LILY,11.0,4.0,#LV9QQLR08,nguyentran,16000046.0,BELLE,9.0,4.0,#8GUG89QLG,Naiiiinnoooo,16000081.0,LILY,11.0,4.0,#RPYYY2PL2,blessmonkey,16000003.0,BROCK,10.0,4.0,,,,,,,,,,,,,,,,,,
20241215T215034.000Z,15000368,knockout,Belle's Rock,soloRanked,knockout,victory,52.0,,,#9RPQJRPL0,Shadow,16000022.0,TICK,11.0,4.0,#9RPQJRPL0,Shadow,16000022.0,TICK,11.0,4.0,#RJURG0P8,affepaffe,16000004.0,RICO,11.0,4.0,#LV9QQLR08,nguyentran,16000009.0,DYNAMIKE,9.0,4.0,,,,,,,,,,,,,,,,,,
20241215T214906.000Z,15000548,knockout,Out in the Open,soloRanked,knockout,defeat,76.0,,,#GRRCVCG9,ujo,16000068.0,MAISIE,11.0,4.0,#2LL9VYQ80Q,svnnn,16000030.0,EMZ,10.0,4.0,#P0JUR8Y9L,Amoluss,16000069.0,HANK,11.0,4.0,#LV9QQLR08,nguyentran,16000004.0,RICO,9.0,4.0,,,,,,,,,,,,,,,,,,
20241215T010257.000Z,15000306,hotZone,Dueling Beetles,soloRanked,hotZone,victory,76.0,,,#RGLVPPLQJ,–∫—É–∫—É–≤–µ—Ä—Ç–∏–∫,16000008.0,NITA,11.0,5.0,#JPPCL9288,MRF,16000009.0,DYNAMIKE,11.0,4.0,#RGLVPPLQJ,–∫—É–∫—É–≤–µ—Ä—Ç–∏–∫,16000008.0,NITA,11.0,5.0,#LV9QQLR08,nguyentran,16000022.0,TICK,9.0,4.0,,,,,,,,,,,,,,,,,,
20241215T010053.000Z,15000007,gemGrab,Hard Rock Mine,soloRanked,gemGrab,defeat,86.0,,,#PLC9V8VGQ,QA|KiLLER,16000023.0,LEON,10.0,4.0,#P2PPCC0QR,l.e.t.ii_,16000026.0,BIBI,11.0,4.0,#LV9QQLR08,nguyentran,16000043.0,EDGAR,10.0,4.0,#9RVQCQ2V2,–º–∏–∫–∞—Å–∞,16000045.0,STU,9.0,4.0,,,,,,,,,,,,,,,,,,
20241215T005842.000Z,15000053,heist,Hot Potato,soloRanked,heist,defeat,60.0,,,#RLJ2YVCC,Memat Flexat,16000043.0,EDGAR,11.0,4.0,#YQLJ0QYQP,Nathgamer,16000007.0,JESSIE,10.0,4.0,#2GR8C9YL8,[Voldemar],16000030.0,EMZ,10.0,4.0,#LV9QQLR08,nguyentran,16000005.0,SPIKE,9.0,4.0,,,,,,,,,,,,,,,,,,
20241215T005645.000Z,15000007,gemGrab,Hard Rock Mine,soloRanked,gemGrab,victory,144.0,,,#LV9QQLR08,nguyentran,16000043.0,EDGAR,10.0,3.0,#9G0GYQL8R,DeeMon,16000026.0,BIBI,11.0,3.0,#LV9QQLR08,nguyentran,16000043.0,EDGAR,10.0,3.0,#L2VGYGVY2,Leon4093,16000035.0,GALE,11.0,3.0,,,,,,,,,,,,,,,,,,
20241215T005339.000Z,15000053,heist,Hot Potato,soloRanked,heist,defeat,64.0,,,#892L2Q8GU,JeSuisMuscl√©(El,16000001.0,COLT,11.0,3.0,#2G0JLQQQQJ,Amin,16000018.0,DARRYL,9.0,3.0,#LV9QQLR08,nguyentran,16000007.0,JESSIE,9.0,3.0,#2G00PCU2G9,Louis,16000009.0,DYNAMIKE,11.0,3.0,,,,,,,,,,,,,,,,,,
20241215T005148.000Z,15000118,brawlBall,Pinball Dreams,soloRanked,brawlBall,victory,147.0,,,#LV9QQLR08,nguyentran,16000038.0,SURGE,9.0,3.0,#J2U9YPPCL,anusz,16000019.0,PENNY,9.0,2.0,#2LQY08L28J,Ken,16000004.0,RICO,9.0,3.0,#LV9QQLR08,nguyentran,16000038.0,SURGE,9.0,3.0,,,,,,,,,,,,,,,,,,
20241215T004844.000Z,15000019,heist,Safe Zone,soloRanked,heist,defeat,138.0,,,#Y8Q8UUJR0,Kot_Nikita,16000086.0,SHADE,11.0,3.0,#LV9QQLR08,nguyentran,16000001.0,COLT,10.0,3.0,#VC80QCJ29,Nasko_95,16000009.0,DYNAMIKE,11.0,3.0,#RQLG00JLR,Degol2345,16000007.0,JESSIE,11.0,3.0,,,,,,,,,,,,,,,,,,
20241215T004535.000Z,15000025,brawlBall,Triple Dribble,soloRanked,brawlBall,defeat,81.0,,,#92PV0R890,üö¨ Panyking üö¨,16000085.0,KENJI,11.0,3.0,#22PJ2V0QGL,timset87,16000011.0,MORTIS,10.0,3.0,#2QCGLC9C28,baur,16000043.0,EDGAR,10.0,3.0,#LV9QQLR08,nguyentran,16000038.0,SURGE,9.0,3.0,,,,,,,,,,,,,,,,,,
20241215T004318.000Z,15000293,hotZone,Parallel Plays,soloRanked,hotZone,victory,57.0,,,#RGR92R0CQ,üáßüá¨|ƒÑLKƒÑP√òN∆è,16000011.0,MORTIS,11.0,2.0,#RGR92R0CQ,üáßüá¨|ƒÑLKƒÑP√òN∆è,16000011.0,MORTIS,11.0,2.0,#90G0GLYG2,‚ôß|Lio|‚ô§,16000034.0,JACKY,11.0,3.0,#LV9QQLR08,nguyentran,16000038.0,SURGE,9.0,3.0,,,,,,,,,,,,,,,,,,
20241215T004120.000Z,15000306,hotZone,Dueling Beetles,soloRanked,hotZone,victory,108.0,,,#GRY899LC2,‚Ä¢skip≈ì,16000035.0,GALE,11.0,3.0,#82LYY9VYC,yadad,16000086.0,SHADE,11.0,3.0,#GRY899LC2,‚Ä¢skip≈ì,16000035.0,GALE,11.0,3.0,#LV9QQLR08,nguyentran,16000009.0,DYNAMIKE,9.0,3.0,,,,,,,,,,,,,,,,,,
20241215T003831.000Z,15000004,bounty,Snake Prairie,soloRanked,bounty,victory,45.0,,,#2L99PJG29,Kinili59,16000047.0,SQUEAK,11.0,2.0,#2QCJVURVGY,mortis 3008,16000008.0,NITA,9.0,2.0,#2L99PJG29,Kinili59,16000047.0,SQUEAK,11.0,2.0,#LV9QQLR08,nguyentran,16000014.0,BO,9.0,3.0,,,,,,,,,,,,,,,,,,
20241215T003707.000Z,15000007,gemGrab,Hard Rock Mine,soloRanked,gemGrab,defeat,100.0,,,#29RCR2GYY,meme,16000000.0,SHELLY,11.0,2.0,#20UVR0R98,soulxerosion,16000024.0,ROSA,11.0,3.0,#Q0J29CL09,Titimatias44,16000002.0,BULL,11.0,3.0,#LV9QQLR08,nguyentran,16000001.0,COLT,10.0,3.0,,,,,,,,,,,,,,,,,,
20241215T003441.000Z,15000132,brawlBall,Center Stage,soloRanked,brawlBall,defeat,150.0,,,#R8990YCUP,ST¬∞Lou¬∞‚Ñ¢Ô∏è‚öïÔ∏è,16000038.0,SURGE,11.0,3.0,#VRVLCGPRP,hamxthy,16000007.0,JESSIE,11.0,3.0,#LV9QQLR08,nguyentran,16000034.0,JACKY,10.0,3.0,#2LJVL98UUC,iKaZ16,16000035.0,GALE,11.0,3.0,,,,,,,,,,,,,,,,,,
20241215T003107.000Z,15000293,hotZone,Parallel Plays,soloRanked,hotZone,victory,58.0,,,#LV9QQLR08,nguyentran,16000043.0,EDGAR,10.0,2.0,#2QQLVJ0JLP,–¥–∞–¥–ø–ø–ª,16000030.0,EMZ,9.0,3.0,#29PLGUCVG,–°–ø–∞—Ä—Ç–∞–∫ —á–µ–º–ø–∏–æ–Ω,16000020.0,FRANK,9.0,3.0,#LV9QQLR08,nguyentran,16000043.0,EDGAR,10.0,2.0,,,,,,,,,,,,,,,,,,
20241219T154529.000Z,15000820,unknown,Broiler Room,ranked,siege,defeat,153.0,,,#8Q2C00PJQ,gx maffin,16000005.0,SPIKE,11.0,449.0,#8Q2C00PJQ,gx maffin,16000005.0,SPIKE,11.0,449.0,#8V28PVJPJ,Natka,16000007.0,JESSIE,11.0,500.0,#LV9QQLR08,nguyentran,16000032.0,MAX,9.0,477.0,,,,,,,,,,,,,,,,,,
20241218T184500.000Z,15000132,brawlBall,Center Stage,ranked,brawlBall,victory,48.0,,8.0,#LV9QQLR08,nguyentran,16000018.0,DARRYL,9.0,429.0,#9LCR2JRL9,v4zEn,16000026.0,BIBI,9.0,636.0,#LQQYGCV29,colin,16000014.0,BO,10.0,641.0,#LV9QQLR08,nguyentran,16000018.0,DARRYL,9.0,429.0,,,,,,,,,,,,,,,,,,
20241218T184332.000Z,15000132,brawlBall,Center Stage,ranked,brawlBall,defeat,44.0,,-1.0,#298QY0YYRC,titouan,16000026.0,BIBI,11.0,669.0,#2L0RQGLY2L,mortis,16000001.0,COLT,9.0,671.0,#LV9QQLR08,nguyentran,16000088.0,BUZZ LIGHTYEAR,11.0,199.0,#LQQYGCV29,colin,16000014.0,BO,10.0,645.0,,,,,,,,,,,,,,,,,,
20241218T184211.000Z,15000132,brawlBall,Center Stage,ranked,brawlBall,victory,161.0,,8.0,#LV9QQLR08,nguyentran,16000088.0,BUZZ LIGHTYEAR,11.0,191.0,#LV9QQLR08,nguyentran,16000088.0,BUZZ LIGHTYEAR,11.0,191.0,#LQQYGCV29,colin,16000014.0,BO,10.0,637.0,#GGQ8JYPPG,Maxim,16000009.0,DYNAMIKE,9.0,636.0,,,,,,,,,,,,,,,,,,
20241218T183901.000Z,15000132,brawlBall,Center Stage,ranked,brawlBall,defeat,150.0,,-2.0,#2JCLPG0V,ÍßÅ‡ºí‚ò¢Lil_To◊ê÷∏ic‚ò¢,16000004.0,RICO,10.0,659.0,#LV9QQLR08,nguyentran,16000004.0,RICO,9.0,355.0,#LQQYGCV29,colin,16000014.0,BO,10.0,641.0,#88GGVR8PY,OverErmine,16000088.0,BUZZ LIGHTYEAR,11.0,656.0,,,,,,,,,,,,,,,,,,
20241218T183555.000Z,15000132,brawlBall,Center Stage,ranked,brawlBall,victory,45.0,,8.0,#JU280CRY2,Angel_nuv,16000085.0,KENJI,11.0,600.0,#JU280CRY2,Angel_nuv,16000085.0,KENJI,11.0,600.0,#LV9QQLR08,nguyentran,16000004.0,RICO,9.0,347.0,#LQQYGCV29,colin,16000014.0,BO,10.0,633.0,,,,,,,,,,,,,,,,,,
20241218T183437.000Z,15000132,brawlBall,Center Stage,ranked,brawlBall,defeat,82.0,,-2.0,#QGVL2YPC,Matthew,16000088.0,BUZZ LIGHTYEAR,11.0,627.0,#LQQYGCV29,colin,16000014.0,BO,10.0,637.0,#LV9QQLR08,nguyentran,16000004.0,RICO,9.0,349.0,#2V9LCRVGR,flacko,16000088.0,BUZZ LIGHTYEAR,11.0,628.0,,,,,,,,,,,,,,,,,,
20241218T183238.000Z,15000132,brawlBall,Center Stage,ranked,brawlBall,victory,78.0,,8.0,#9C0YY8C0L,ùêûùê•ùê¢ùêüùêüùê≤Íô≥,16000014.0,BO,11.0,643.0,#9C0YY8C0L,ùêûùê•ùê¢ùêüùêüùê≤Íô≥,16000014.0,BO,11.0,643.0,#LV9QQLR08,nguyentran,16000004.0,RICO,9.0,341.0,#LQQYGCV29,colin,16000014.0,BO,10.0,628.0,,,,,,,,,,,,,,,,,,
20241218T183046.000Z,15000748,paintBrawl,Rusty Rebound,ranked,gemGrab,defeat,143.0,,,#CC9LQGC9,Matthew,16000007.0,JESSIE,11.0,538.0,#2U8P2Q29Y,I clap u 3 x,16000075.0,MICO,9.0,234.0,#QQPJPL90,Mhmd Bydn,16000088.0,BUZZ LIGHTYEAR,11.0,0.0,#LV9QQLR08,nguyentran,16000043.0,EDGAR,10.0,500.0,,,,,,,,,,,,,,,,,,
20241218T182721.000Z,15000828,unknown,Celestial Crusade,ranked,siege,victory,88.0,,,#2LQ089JPQP,chelisa,16000088.0,BUZZ LIGHTYEAR,11.0,414.0,#2020LY2G9C,lulu,16000020.0,FRANK,10.0,375.0,#2LQ089JPQP,chelisa,16000088.0,BUZZ LIGHTYEAR,11.0,414.0,#LV9QQLR08,nguyentran,16000007.0,JESSIE,9.0,500.0,,,,,,,,,,,,,,,,,,
20241218T182459.000Z,15000523,botDrop,Departure,ranked,botDrop,victory,115.0,,,#LV9QQLR08,nguyentran,16000020.0,FRANK,9.0,500.0,#P08U08QP2,√ßƒ±nar,16000001.0,COLT,9.0,498.0,#89Q28P9UY,DaMeX,16000043.0,EDGAR,11.0,606.0,#LV9QQLR08,nguyentran,16000020.0,FRANK,9.0,500.0,,,,,,,,,,,,,,,,,,
20241218T182209.000Z,15000807,unknown,Reef Raiding,ranked,siege,victory,85.0,,,#LV9QQLR08,nguyentran,16000020.0,FRANK,9.0,500.0,#YVYRUQUGP,–µ–º–∞–∞–∞,16000015.0,PIPER,9.0,221.0,#8CJQVCCVV,–ö–æ–ª–µ—Ç—Ç,16000088.0,BUZZ LIGHTYEAR,11.0,157.0,#LV9QQLR08,nguyentran,16000020.0,FRANK,9.0,500.0,,,,,,,,,,,,,,,,,,
20241218T181948.000Z,15000203,presentPlunder,Walk In Walk Out,ranked,trophyThieves,victory,150.0,,,#LV9QQLR08,nguyentran,16000005.0,SPIKE,9.0,457.0,#LJCLPG8R8,melike,16000000.0,SHELLY,11.0,369.0,#LV9QQLR08,nguyentran,16000005.0,SPIKE,9.0,457.0,#GUJVYVPR8,Banane 2.0 üçå,16000011.0,MORTIS,9.0,490.0,,,,,,,,,,,,,,,,,,
20241217T131511.000Z,15000032,soloShowdown,Acid Lakes,ranked,soloShowdown,,,10.0,-1.0,,,,,,,,,,,,,,,,,,,,,,,,,,,,,,,,,,,,,,,,,,
20241217T131321.000Z,15000032,soloShowdown,Acid Lakes,ranked,soloShowdown,,,1.0,12.0,,,,,,,,,,,,,,,,,,,,,,,,,,,,,,,,,,,,,,,,,,
20241217T094635.000Z,15000143,brawlBall,Beach Ball,ranked,brawlBall,victory,68.0,,9.0,#LV9QQLR08,nguyentran,16000088.0,BUZZ LIGHTYEAR,11.0,171.0,#9GPRYGVR,memo,16000086.0,SHADE,7.0,167.0,#92LU2VYLL,Brawler,16000082.0,BERRY,5.0,170.0,#LV9QQLR08,nguyentran,16000088.0,BUZZ LIGHTYEAR,11.0,171.0,,,,,,,,,,,,,,,,,,
20241217T094502.000Z,15000143,brawlBall,Beach Ball,ranked,brawlBall,victory,39.0,,8.0,#YV2RYRQ9,Youri,16000088.0,BUZZ LIGHTYEAR,11.0,160.0,#22C29UV82,iAyberQ,16000088.0,BUZZ LIGHTYEAR,11.0,166.0,#YV2RYRQ9,Youri,16000088.0,BUZZ LIGHTYEAR,11.0,160.0,#LV9QQLR08,nguyentran,16000088.0,BUZZ LIGHTYEAR,11.0,163.0,,,,,,,,,,,,,,,,,,
20241217T094400.000Z,15000143,brawlBall,Beach Ball,ranked,brawlBall,defeat,158.0,,-1.0,#LV9QQLR08,nguyentran,16000088.0,BUZZ LIGHTYEAR,11.0,164.0,#GPJG229GR,kinane,16000086.0,SHADE,7.0,164.0,#JG2LCUG99,GameR_R√ºzgar007,16000022.0,TICK,7.0,164.0,#LV9QQLR08,nguyentran,16000088.0,BUZZ LIGHTYEAR,11.0,164.0,,,,,,,,,,,,,,,,,,
20241217T094056.000Z,15000143,brawlBall,Beach Ball,ranked,brawlBall,victory,119.0,,10.0,#LV9QQLR08,nguyentran,16000088.0,BUZZ LIGHTYEAR,11.0,154.0,#9CQJRJJC2,cmetanka918üá∫üá¶,16000088.0,BUZZ LIGHTYEAR,11.0,176.0,#LV9QQLR08,nguyentran,16000088.0,BUZZ LIGHTYEAR,11.0,154.0,#2QYUQQRGG0,–≥–æ—Ñ,16000060.0,SAM,8.0,212.0,,,,,,,,,,,,,,,,,,
20241217T093831.000Z,15000143,brawlBall,Beach Ball,ranked,brawlBall,victory,97.0,,9.0,#LV9QQLR08,nguyentran,16000088.0,BUZZ LIGHTYEAR,11.0,145.0,#LV9QQLR08,nguyentran,16000088.0,BUZZ LIGHTYEAR,11.0,145.0,#9G2QU80R8,‚ö°ƒª√òƒª√ò‚Ñ¢Ô∏è‚Åπ,16000082.0,BERRY,8.0,146.0,#YLGUY2C8Y,–Ω–µ,16000045.0,STU,5.0,145.0,,,,,,,,,,,,,,,,,,
20241217T093620.000Z,15000143,brawlBall,Beach Ball,ranked,brawlBall,defeat,158.0,,-1.0,#VG8Q20CQ,Iomar,16000088.0,BUZZ LIGHTYEAR,11.0,135.0,#RLVGYQRJ8,alex firu,16000088.0,BUZZ LIGHTYEAR,11.0,139.0,#VG8Q20CQ,Iomar,16000088.0,BUZZ LIGHTYEAR,11.0,135.0,#LV9QQLR08,nguyentran,16000081.0,LILY,9.0,134.0,,,,,,,,,,,,,,,,,,
20241217T093313.000Z,15000143,brawlBall,Beach Ball,ranked,brawlBall,victory,37.0,,9.0,#2QQQYYR0C8,pro eymen,16000088.0,BUZZ LIGHTYEAR,11.0,114.0,#LV9QQLR08,nguyentran,16000081.0,LILY,9.0,125.0,#2QQQYYR0C8,pro eymen,16000088.0,BUZZ LIGHTYEAR,11.0,114.0,#2QGJP2RYU2,[tugra07],16000009.0,DYNAMIKE,7.0,116.0,,,,,,,,,,,,,,,,,,
20241217T093149.000Z,15000143,brawlBall,Beach Ball,ranked,brawlBall,victory,30.0,,8.0,#2QJQLJGUGL,hacker303,16000088.0,BUZZ LIGHTYEAR,11.0,116.0,#2QJQLJGUGL,hacker303,16000088.0,BUZZ LIGHTYEAR,11.0,116.0,#LV9QQLR08,nguyentran,16000081.0,LILY,9.0,117.0,#2GGP2PG8CQ,karpac,16000088.0,BUZZ LIGHTYEAR,11.0,117.0,,,,,,,,,,,,,,,,,,
20241217T093031.000Z,15000143,brawlBall,Beach Ball,ranked,brawlBall,victory,29.0,,8.0,#2QU98QLGUP,◊ë◊†◊ô◊û◊ô◊ü,16000010.0,EL PRIMO,7.0,148.0,#2QU98QLGUP,◊ë◊†◊ô◊û◊ô◊ü,16000010.0,EL PRIMO,7.0,148.0,#LV9QQLR08,nguyentran,16000088.0,BUZZ LIGHTYEAR,11.0,137.0,#2LL202QURC,Shelly,16000007.0,JESSIE,1.0,98.0,,,,,,,,,,,,,,,,,,
20241217T092922.000Z,15000143,brawlBall,Beach Ball,ranked,brawlBall,defeat,58.0,,-1.0,#QLUVVLC89,–∫–∞–π –∞–Ω–∂–µ–ª,16000088.0,BUZZ LIGHTYEAR,11.0,116.0,#9L9GJQPJ9,[–ë–õ–ï–¢]FROSTIK05,16000066.0,R-T,4.0,118.0,#29CYP900U,Tonio,16000077.0,LARRY & LAWRIE,11.0,118.0,#LV9QQLR08,nguyentran,16000081.0,LILY,9.0,118.0,,,,,,,,,,,,,,,,,,
20241111T105230.000Z,15000033,soloShowdown,Cavern Churn,ranked,soloShowdown,,,1.0,10.0,,,,,,,,,,,,,,,,,,,,,,,,,,,,,,,,,,,,,LV9QQLR08,nguyentran,16000000.0,SHELLY,9.0,496.0
20241111T105141.000Z,15000033,soloShowdown,Cavern Churn,ranked,soloShowdown,,,6.0,1.0,,,,,,,,,,,,,,,,,,,,,,,,,,,,,,,,,,,,,LV9QQLR08,nguyentran,16000000.0,SHELLY,9.0,495.0
20241217T131511.000Z,15000032,soloShowdown,Acid Lakes,ranked,soloShowdown,,,10.0,-1.0,,,,,,,,,,,,,,,,,,,,,,,,,,,,,,,,,,,,,LV9QQLR08,nguyentran,16000088.0,BUZZ LIGHTYEAR,11.0,192.0
20241217T131321.000Z,15000032,soloShowdown,Acid Lakes,ranked,soloShowdown,,,1.0,12.0,,,,,,,,,,,,,,,,,,,,,,,,,,,,,,,,,,,,,LV9QQLR08,nguyentran,16000088.0,BUZZ LIGHTYEAR,11.0,180.0
20241129T024900.000Z,15000132,brawlBall,Center Stage,soloRanked,brawlBall,defeat,78.0,,,#2L9U0L8GJR,Gangsteris,16000043.0,EDGAR,10.0,5.0,#PQQL2JLU8,Arath‚ö°,16000004.0,RICO,11.0,5.0,#GY9VQ9GUU,cavTiger,16000080.0,DRACO,9.0,5.0,#LV9QQLR08,nguyentran,16000034.0,JACKY,10.0,5.0,,,,,,,,,,,,,,,,JACKY,,
20241129T024654.000Z,15000054,bounty,Canal Grande,soloRanked,bounty,defeat,68.0,,,#8YGVCLJRL,„Ää‚òÜTi»õi‚òÜ„Äã,16000019.0,PENNY,9.0,6.0,#P29QCVUG2,mozzie,16000023.0,LEON,11.0,6.0,#900YYV02L,0000000,16000001.0,COLT,11.0,5.0,#LV9QQLR08,nguyentran,16000009.0,DYNAMIKE,9.0,5.0,,,,,,,,,,,,,,,,DYNAMIKE,,
20241127T210524.000Z,15000018,heist,Kaboom Canyon,soloRanked,heist,victory,150.0,,,#8JC9URGYR,BOSS,16000083.0,CLANCY,8.0,474.0,#9P8QGCR2V,1fir0n1,16000004.0,RICO,9.0,5.0,#LV9QQLR08,nguyentran,16000026.0,BIBI,9.0,5.0,#2QCL82LY2G,Mamaris,16000032.0,MAX,9.0,5.0,,,,,,,,,,,,,,,,BIBI,,
20241127T210203.000Z,15000548,knockout,Out in the Open,soloRanked,knockout,defeat,71.0,,,#2QGJ0YR9R9,Limon üçãüê•,16000043.0,EDGAR,9.0,5.0,#LV9QQLR08,nguyentran,16000035.0,GALE,9.0,5.0,#GQY2L8C9U,Marcisa,16000015.0,PIPER,11.0,5.0,#RG82YQYJY,leonriki,16000027.0,8-BIT,9.0,4.0,,,,,,,,,,,,,,,,GALE,,
20241127T205958.000Z,15000011,gemGrab,Undermine,soloRanked,gemGrab,defeat,139.0,,,#8YLY9GJ2C,Ali kral,16000025.0,CARL,11.0,5.0,#2QL2J02RGP,mef4ik,16000016.0,PAM,9.0,5.0,#LV9QQLR08,nguyentran,16000003.0,BROCK,9.0,5.0,#8Y0Q2C2VL,–ú–∞–∫—Å–∏–º,16000017.0,TARA,11.0,5.0,,,,,,,,,,,,,,,,BROCK,,
20241127T205642.000Z,15000011,gemGrab,Undermine,soloRanked,gemGrab,victory,106.0,,,#LV9QQLR08,nguyentran,16000048.0,GROM,9.0,5.0,#LPQUJCJR,SUPER TATA 2,16000008.0,NITA,10.0,5.0,#28G2982RG0,Johagan7,16000030.0,EMZ,10.0,5.0,#LV9QQLR08,nguyentran,16000048.0,GROM,9.0,5.0,,,,,,,,,,,,,,,,GROM,,
20241127T205402.000Z,15000025,brawlBall,Triple Dribble,soloRanked,brawlBall,defeat,130.0,,,#2UCJGYUU,CryingM1tk0,16000005.0,SPIKE,11.0,5.0,#2UCJGYUU,CryingM1tk0,16000005.0,SPIKE,11.0,5.0,#YLR2YJGYQ,faszasz,16000054.0,FANG,11.0,5.0,#LV9QQLR08,nguyentran,16000012.0,CROW,9.0,5.0,,,,,,,,,,,,,,,,CROW,,
20241127T205101.000Z,15000050,brawlBall,Sneaky Fields,soloRanked,brawlBall,victory,44.0,,,#LJP2CVRYR,rang 35 colt,16000005.0,SPIKE,11.0,5.0,#LV9QQLR08,nguyentran,16000034.0,JACKY,10.0,5.0,#PJGL8RP8U,üòàJAVIüòà,16000020.0,FRANK,10.0,5.0,#LJP2CVRYR,rang 35 colt,16000005.0,SPIKE,11.0,5.0,,,,,,,,,,,,,,,,JACKY,,
20241127T204917.000Z,15000018,heist,Kaboom Canyon,soloRanked,heist,victory,150.0,,,#PJ280Q98,bleky,16000050.0,GRIFF,11.0,4.0,#PJ280Q98,bleky,16000050.0,GRIFF,11.0,4.0,#2C08VGLCU,Fl√≥ki,16000003.0,BROCK,11.0,4.0,#LV9QQLR08,nguyentran,16000001.0,COLT,10.0,4.0,,,,,,,,,,,,,,,,COLT,,
20241127T142926.000Z,15000734,knockout,Four Levels,ranked,knockout,defeat,91.0,,-3.0,#9802JLLUL,X_x.sad.aricek„ÉÑ,16000081.0,LILY,9.0,462.0,#CP8QCVRC,üç∞üçì~>‚Ñïêçà≈äêçàùêã‚ô°,16000021.0,GENE,11.0,440.0,#Q8R8CV8RR,Fungart,16000028.0,SANDY,9.0,451.0,#LV9QQLR08,nguyentran,16000005.0,SPIKE,9.0,460.0,,,,,,,,,,,,,,,,SPIKE,,
20241125T152136.000Z,15000841,hotZone,From Dusk till Dawn,ranked,hotZone,defeat,65.0,,-3.0,#QP0Q9LC09,ü•Ä‚Ñ≥‚Ñ¥ùíΩùí∂ùìÇùí∂ùíπ,16000085.0,KENJI,9.0,450.0,#LV9QQLR08,nguyentran,16000005.0,SPIKE,9.0,463.0,#208RYJ0LP2,JURAa,16000032.0,MAX,8.0,385.0,#RYJPCYP8V,N√∏tGay‚Ñ¢Ô∏è:),16000013.0,POCO,7.0,406.0,,,,,,,,,,,,,,,,SPIKE,,
20241125T151944.000Z,15000747,knockout5V5,Riverbank Crossing,ranked,knockout,victory,207.0,,9.0,#YV8YUYYGP,Gosia,16000047.0,SQUEAK,8.0,430.0,#2LUYRV8QPV,szymon,16000009.0,DYNAMIKE,9.0,408.0,#GQQG08YJG,–∫—Ç–æ —è –∑–∞—á–µ–º —è,16000001.0,COLT,7.0,467.0,#YV8YUYYGP,Gosia,16000047.0,SQUEAK,8.0,430.0,#LV9QQLR08,nguyentran,16000005.0,SPIKE,9.0,454.0,#9UGVGQJRL,Sm | SkyWolker,16000036.0,NANI,9.0,453.0,,,,SPIKE,,
20241125T151550.000Z,15000747,knockout5V5,Riverbank Crossing,ranked,knockout,victory,143.0,,8.0,#LV9QQLR08,nguyentran,16000005.0,SPIKE,9.0,446.0,#2LL9PQQYGP,ertuƒürul,16000030.0,EMZ,7.0,427.0,#2QGRLGYPQG,Pele,16000005.0,SPIKE,10.0,424.0,#2LRUQLP2QR,–¥—ã–¥–¥—ã–¥—ã—ã–ª—è,16000087.0,JUJU,7.0,439.0,#LGLGUGV8C,mikro,16000045.0,STU,11.0,449.0,#LV9QQLR08,nguyentran,16000005.0,SPIKE,9.0,446.0,,,,SPIKE,,
20241125T151235.000Z,15000816,knockout,Sunset Spar,ranked,knockout,victory,132.0,,11.0,#LV9QQLR08,nguyentran,16000015.0,PIPER,9.0,499.0,#UR0U8L2P,Senhor Batata f,16000004.0,RICO,9.0,494.0,#RP98Y02RC,Tebi,16000020.0,FRANK,9.0,493.0,#LV9QQLR08,nguyentran,16000015.0,PIPER,9.0,499.0,,,,,,,,,,,,,,,,PIPER,,
20241125T150943.000Z,15000816,knockout,Sunset Spar,ranked,knockout,victory,70.0,,10.0,#QPU8LL02,Michel_1194,16000084.0,MOE,9.0,508.0,#2QJQVGR8QU,cute jojo,16000043.0,EDGAR,9.0,488.0,#LV9QQLR08,nguyentran,16000015.0,PIPER,9.0,489.0,#QPU8LL02,Michel_1194,16000084.0,MOE,9.0,508.0,,,,,,,,,,,,,,,,PIPER,,
20241125T150759.000Z,15000816,knockout,Sunset Spar,ranked,knockout,victory,91.0,,9.0,#2G2YVP8RLV,Todoroki,16000030.0,EMZ,9.0,430.0,#2G2YVP8RLV,Todoroki,16000030.0,EMZ,9.0,430.0,#YV8L0GV2L,DEEP END Kƒ∞LL,16000026.0,BIBI,11.0,491.0,#LV9QQLR08,nguyentran,16000015.0,PIPER,9.0,480.0,,,,,,,,,,,,,,,,PIPER,,
20241125T150604.000Z,15000816,knockout,Sunset Spar,ranked,knockout,victory,62.0,,8.0,#2QQ99CYR29,CR7,16000005.0,SPIKE,11.0,505.0,#LV9QQLR08,nguyentran,16000015.0,PIPER,9.0,472.0,#2QQ99CYR29,CR7,16000005.0,SPIKE,11.0,505.0,#2QR29VYVYQ,bonzi,16000010.0,EL PRIMO,7.0,487.0,,,,,,,,,,,,,,,,PIPER,,
20241125T150417.000Z,15000025,brawlBall,Triple Dribble,ranked,brawlBall,defeat,147.0,,-3.0,#9VUYPR8,iam._.mqnux,16000085.0,KENJI,10.0,883.0,#LV9QQLR08,nguyentran,16000032.0,MAX,9.0,480.0,#2LV0PLP8G,connorli,16000020.0,FRANK,11.0,954.0,#YC9CYUJJ9,GZ_paky 38,16000004.0,RICO,11.0,936.0,,,,,,,,,,,,,,,,MAX,,
20241125T150120.000Z,15000025,brawlBall,Triple Dribble,ranked,brawlBall,defeat,108.0,,-3.0,#YPVQVJPUP,Rayan,16000026.0,BIBI,10.0,480.0,#LV9QQLR08,nguyentran,16000032.0,MAX,9.0,483.0,#RY0V2VLP8,–¥–∂–µ–ª,16000026.0,BIBI,9.0,482.0,#YR8VLR9RY,LDR|MAHMUT,16000067.0,WILLOW,9.0,483.0,,,,,,,,,,,,,,,,MAX,,
20241125T145854.000Z,15000025,brawlBall,Triple Dribble,ranked,brawlBall,victory,38.0,,8.0,#Q2YGJJ99Y,ü•íüí¶,16000008.0,NITA,9.0,474.0,#Q2YGJJ99Y,ü•íüí¶,16000008.0,NITA,9.0,474.0,#2LG2V0CVRJ,ANTEk,16000043.0,EDGAR,9.0,477.0,#LV9QQLR08,nguyentran,16000032.0,MAX,9.0,475.0,,,,,,,,,,,,,,,,MAX,,
20241124T125943.000Z,15000132,brawlBall,Center Stage,ranked,brawlBall,defeat,60.0,,-3.0,#QCRPP9C00,Pentilinpinpin,16000018.0,DARRYL,9.0,241.0,#2LCC8J8V0G,Yann 2.0,16000043.0,EDGAR,7.0,469.0,#RG2L2L8CY,Calypso,16000018.0,DARRYL,9.0,477.0,#LV9QQLR08,nguyentran,16000032.0,MAX,9.0,478.0,,,,,,,,,,,,,,,,MAX,,
20241120T181926.000Z,15000005,bounty,Shooting Star,soloRanked,bounty,victory,85.0,,,#P9LRY8VQV,Just,16000009.0,DYNAMIKE,11.0,4.0,#GLRLRPCUQ,Arhampro779,16000011.0,MORTIS,11.0,4.0,#P9LRY8VQV,Just,16000009.0,DYNAMIKE,11.0,4.0,#LV9QQLR08,nguyentran,16000014.0,BO,9.0,4.0,,,,,,,,,,,,,,,,BO,,
20241120T181608.000Z,15000367,knockout,Goldarm Gulch,soloRanked,knockout,defeat,114.0,,,#RPG022LUG,Shreck,16000063.0,CHESTER,10.0,4.0,#GCQVU2Y2U,Vete A La LOBBY,16000075.0,MICO,10.0,4.0,#LV9QQLR08,nguyentran,16000076.0,KIT,9.0,4.0,#GUP2898LV,MoHaMeD_ü§åüèª,16000015.0,PIPER,11.0,4.0,,,,,,,,,,,,,,,,KIT,,
20241120T181325.000Z,15000022,bounty,Hideout,soloRanked,bounty,victory,81.0,,,#U99YQG9J,–º—ñ—Ä–Ω–∏–π,16000035.0,GALE,11.0,4.0,#2Q0PUGQQCY,$A√ë11,16000019.0,PENNY,9.0,4.0,#U99YQG9J,–º—ñ—Ä–Ω–∏–π,16000035.0,GALE,11.0,4.0,#LV9QQLR08,nguyentran,16000022.0,TICK,9.0,4.0,,,,,,,,,,,,,,,,TICK,,
20241120T181111.000Z,15000053,heist,Hot Potato,soloRanked,heist,victory,55.0,,,#9LLJGRY29,–≥–æ—Å—Ç—å 666,16000018.0,DARRYL,11.0,4.0,#2QU80V9C8G,–¥–∞–≤–∏–¥,16000009.0,DYNAMIKE,11.0,4.0,#LV9QQLR08,nguyentran,16000007.0,JESSIE,9.0,4.0,#9LLJGRY29,–≥–æ—Å—Ç—å 666,16000018.0,DARRYL,11.0,4.0,,,,,,,,,,,,,,,,JESSIE,,
20241213T135336.000Z,15000702,duoShowdown,Marksman's Paradise,ranked,duoShowdown,,,3.0,,,,,,,,#2GL8YLVPGY,fettuccine,16000008.0,NITA,1.0,9.0,#LV9QQLR08,nguyentran,16000088.0,BUZZ LIGHTYEAR,11.0,30.0,,,,,,,,,,,,,,,,,,,,,,BUZZ LIGHTYEAR,,
20241213T135211.000Z,15000702,duoShowdown,Marksman's Paradise,ranked,duoShowdown,,,1.0,11.0,,,,,,,#2GL8YLVPGY,fettuccine,16000008.0,NITA,1.0,0.0,#LV9QQLR08,nguyentran,16000088.0,BUZZ LIGHTYEAR,11.0,19.0,,,,,,,,,,,,,,,,,,,,,,BUZZ LIGHTYEAR,,
20241213T135009.000Z,15000702,duoShowdown,Marksman's Paradise,ranked,duoShowdown,,,1.0,10.0,,,,,,,#2GL8YLVPGY,fettuccine,16000000.0,SHELLY,1.0,17.0,#LV9QQLR08,nguyentran,16000088.0,BUZZ LIGHTYEAR,11.0,9.0,,,,,,,,,,,,,,,,,,,,,,BUZZ LIGHTYEAR,,
20241213T134846.000Z,15000702,duoShowdown,Marksman's Paradise,ranked,duoShowdown,,,1.0,9.0,,,,,,,#2GL8YLVPGY,fettuccine,16000000.0,SHELLY,1.0,8.0,#LV9QQLR08,nguyentran,16000088.0,BUZZ LIGHTYEAR,11.0,0.0,,,,,,,,,,,,,,,,,,,,,,BUZZ LIGHTYEAR,,
20241213T014654.000Z,15000548,knockout,Out in the Open,soloRanked,knockout,defeat,167.0,,,#GRU8JYVC8,Andruselu,16000012.0,CROW,10.0,2.0,#2LQPLQ8VGL,AVTO PROMCHIK,16000027.0,8-BIT,10.0,2.0,#LV9QQLR08,nguyentran,16000046.0,BELLE,9.0,2.0,#QGQPR0UR,beuh,16000014.0,BO,11.0,2.0,,,,,,,,,,,,,,,,BELLE,,
20241213T000537.000Z,15000702,duoShowdown,Marksman's Paradise,ranked,duoShowdown,,,2.0,12.0,,,,,,,#2GL8YLVPGY,fettuccine,16000000.0,SHELLY,1.0,1.0,#LV9QQLR08,nguyentran,16000082.0,BERRY,9.0,106.0,,,,,,,,,,,,,,,,,,,,,,BERRY,,
20241213T000030.000Z,15000018,heist,Kaboom Canyon,soloRanked,heist,victory,64.0,,,#PQYPVVLU,–ø–∞–ø–∞—à–∞3131,16000050.0,GRIFF,11.0,2.0,#YLVYP0U,MagicoG2020,16000007.0,JESSIE,11.0,2.0,#LV9QQLR08,nguyentran,16000005.0,SPIKE,9.0,2.0,#PQYPVVLU,–ø–∞–ø–∞—à–∞3131,16000050.0,GRIFF,11.0,2.0,,,,,,,,,,,,,,,,SPIKE,,
20241212T234356.000Z,15000019,heist,Safe Zone,soloRanked,heist,victory,150.0,,,#2G9QG8GJY2,kyka_or,16000030.0,EMZ,9.0,2.0,#LV9QQLR08,nguyentran,16000003.0,BROCK,9.0,2.0,#2G9QG8GJY2,kyka_or,16000030.0,EMZ,9.0,2.0,#8JP2RQ9PY,raminhos,16000023.0,LEON,10.0,2.0,,,,,,,,,,,,,,,,BROCK,,
20241211T141436.000Z,15000306,hotZone,Dueling Beetles,soloRanked,hotZone,victory,72.0,,,#LV9QQLR08,nguyentran,16000009.0,DYNAMIKE,9.0,2.0,#QL99JQV9,BrawlMark,16000060.0,SAM,9.0,2.0,#P2VL08RUG,SL4yer,16000011.0,MORTIS,11.0,2.0,#LV9QQLR08,nguyentran,16000009.0,DYNAMIKE,9.0,2.0,,,,,,,,,,,,,,,,DYNAMIKE,,
20241211T141221.000Z,15000300,hotZone,Ring of Fire,soloRanked,hotZone,victory,75.0,,,#LV9QQLR08,nguyentran,16000054.0,FANG,10.0,1.0,#2G9P9G2890,ƒ∞mparator _YBT,16000011.0,MORTIS,9.0,1.0,#P2JURUU9G,ŒëŒªŒµœá,16000086.0,SHADE,10.0,1.0,#LV9QQLR08,nguyentran,16000054.0,FANG,10.0,1.0,,,,,,,,,,,,,,,,FANG,,
20241211T141002.000Z,15000293,hotZone,Parallel Plays,soloRanked,hotZone,victory,118.0,,,#2008G8P80P,√ìdilles üåü,16000005.0,SPIKE,11.0,1.0,#LV9QQLR08,nguyentran,16000034.0,JACKY,10.0,1.0,#28Y99P82VU,ayrton 13,16000019.0,PENNY,9.0,1.0,#R89GPQR98,anonyme,16000007.0,JESSIE,11.0,1.0,,,,,,,,,,,,,,,,JACKY,,
20241211T140646.000Z,15000292,hotZone,Open Business,soloRanked,hotZone,victory,110.0,,,#LV9QQLR08,nguyentran,16000030.0,EMZ,9.0,1.0,#2QGP9G8ULP,Baptiste fff,16000022.0,TICK,9.0,1.0,#LV9QQLR08,nguyentran,16000030.0,EMZ,9.0,1.0,#JL2VC2LGG,üëéüëéüëé,16000011.0,MORTIS,9.0,1.0,,,,,,,,,,,,,,,,EMZ,,
20241211T140357.000Z,15000115,gemGrab,Double Swoosh,soloRanked,gemGrab,victory,94.0,,,#LV9QQLR08,nguyentran,16000034.0,JACKY,10.0,1.0,#LV9QQLR08,nguyentran,16000034.0,JACKY,10.0,1.0,#2QQRYPR8VL,5432,16000043.0,EDGAR,11.0,1.0,#2LU2VCYU08,re gg,16000001.0,COLT,10.0,1.0,,,,,,,,,,,,,,,,JACKY,,
20241211T140136.000Z,15000368,knockout,Belle's Rock,soloRanked,knockout,victory,36.0,,,#LV9QQLR08,nguyentran,16000022.0,TICK,9.0,1.0,#LV9QQLR08,nguyentran,16000022.0,TICK,9.0,1.0,#2LVRUYQ2CJ,LukasBS,16000009.0,DYNAMIKE,10.0,1.0,#2G9UJYVLRU,Hyra,16000086.0,SHADE,11.0,1.0,,,,,,,,,,,,,,,,TICK,,
20241211T140001.000Z,15000050,brawlBall,Sneaky Fields,ranked,brawlBall,defeat,114.0,,-1.0,#RUQ0J2299,panaa_jr,16000086.0,SHADE,11.0,147.0,#28CL0GU28G,UNAIv,16000082.0,BERRY,1.0,139.0,#LV9QQLR08,nguyentran,16000063.0,CHESTER,9.0,144.0,#2G09P22JL8,esteban,16000086.0,SHADE,7.0,146.0,,,,,,,,,,,,,,,,CHESTER,,
20241211T135737.000Z,15000050,brawlBall,Sneaky Fields,ranked,brawlBall,victory,78.0,,8.0,#LV9QQLR08,nguyentran,16000063.0,CHESTER,9.0,136.0,#2GLYV2LCCQ,LuLu,16000008.0,NITA,5.0,139.0,#2QJLG89G89,Pro_akif,16000004.0,RICO,4.0,138.0,#LV9QQLR08,nguyentran,16000063.0,CHESTER,9.0,136.0,,,,,,,,,,,,,,,,CHESTER,,
20241211T135518.000Z,15000050,brawlBall,Sneaky Fields,ranked,brawlBall,victory,67.0,,13.0,#JLP9LUGPC,üá¨üá™√üs|b√π»õ√∏≈Ü»õüíØ,16000086.0,SHADE,11.0,85.0,#JLP9LUGPC,üá¨üá™√üs|b√π»õ√∏≈Ü»õüíØ,16000086.0,SHADE,11.0,85.0,#LUJ0PQP,‚ö°AloNeDaRk‚ö°,16000040.0,AMBER,1.0,89.0,#LV9QQLR08,nguyentran,16000082.0,BERRY,9.0,93.0,,,,,,,,,,,,,,,,BERRY,,
20241114T130656.000Z,15000848,trioShowdown,Feast or Famine,ranked,duoShowdown,,,4.0,-4.0,,,,,,,#2Q98QLVLJV,–∞—Ä—Ç–µ–º —è–π—Ü–∞–º–∏,16000079.0,ANGELO,9.0,467.0,#UQ9RJCYRU,moi,16000023.0,LEON,10.0,479.0,#LV9QQLR08,nguyentran,16000032.0,MAX,9.0,482.0,,,,,,,,,,,,,,,,MAX,,
20241114T130633.000Z,15000848,trioShowdown,Feast or Famine,ranked,duoShowdown,,,3.0,2.0,,,,,,,#28PYPQ28CL,ciccioking,16000003.0,BROCK,8.0,493.0,#P090U099J,Sailas76,16000030.0,EMZ,10.0,485.0,#LV9QQLR08,nguyentran,16000032.0,MAX,9.0,480.0,,,,,,,,,,,,,,,,MAX,,
20241114T123444.000Z,15000826,unknown,Final Frontier,ranked,siege,defeat,150.0,,-3.0,#Y2UYLP2C,PAOLO,16000006.0,BARLEY,10.0,505.0,#LV9QQLR08,nguyentran,16000032.0,MAX,9.0,483.0,#Q9QJ8RGL2,Pikachu,16000005.0,SPIKE,11.0,481.0,#Y2LG908YV,TM|CLASSIC,16000075.0,MICO,9.0,537.0,,,,,,,,,,,,,,,,MAX,,
20241114T094300.000Z,15000826,unknown,Final Frontier,ranked,siege,defeat,150.0,,-3.0,#LV9QQLR08,nguyentran,16000032.0,MAX,9.0,486.0,#22VR9C9R02,Fettah Can 1903,16000043.0,EDGAR,9.0,434.0,#LV9QQLR08,nguyentran,16000032.0,MAX,9.0,486.0,#22PULVULVR,Arifbabaproüêê,16000018.0,DARRYL,9.0,507.0,,,,,,,,,,,,,,,,MAX,,
20241114T093954.000Z,15000826,unknown,Final Frontier,ranked,siege,victory,88.0,,8.0,#82R9JC8JC,/TR/SXMET/EMS,16000048.0,GROM,9.0,496.0,#2898LRRJ8L,Osama-im Laden,16000022.0,TICK,10.0,492.0,#LV9QQLR08,nguyentran,16000032.0,MAX,9.0,478.0,#82R9JC8JC,/TR/SXMET/EMS,16000048.0,GROM,9.0,496.0,,,,,,,,,,,,,,,,MAX,,
20241114T093749.000Z,15000826,unknown,Final Frontier,ranked,siege,victory,42.0,,8.0,#PC8CVCL8G,Ertuƒürul Pasha,16000001.0,COLT,11.0,461.0,#9V89R0LP2,en iyisi,16000028.0,SANDY,10.0,539.0,#PC8CVCL8G,Ertuƒürul Pasha,16000001.0,COLT,11.0,461.0,#LV9QQLR08,nguyentran,16000075.0,MICO,9.0,493.0,,,,,,,,,,,,,,,,MICO,,
20241113T191256.000Z,15000019,heist,Safe Zone,soloRanked,heist,defeat,129.0,,,#8RYJQ2Q2L,Doodle,16000007.0,JESSIE,11.0,3.0,#LV9QQLR08,nguyentran,16000007.0,JESSIE,9.0,3.0,#GU082URVU,cocoroch,16000012.0,CROW,11.0,3.0,#LUJ0882P8,theanklesguy,16000001.0,COLT,10.0,3.0,,,,,,,,,,,,,,,,JESSIE,,
20241113T190955.000Z,15000050,brawlBall,Sneaky Fields,soloRanked,brawlBall,victory,56.0,,,#LV9QQLR08,nguyentran,16000034.0,JACKY,10.0,3.0,#29GU08Q9U,Ferdinando11,16000020.0,FRANK,9.0,3.0,#2QC99RP0UV,CHRISS,16000043.0,EDGAR,9.0,3.0,#LV9QQLR08,nguyentran,16000034.0,JACKY,10.0,3.0,,,,,,,,,,,,,,,,JACKY,,
20241113T190808.000Z,15000440,knockout,Flaring Phoenix,soloRanked,knockout,victory,111.0,,,#88VRUGUP8,plex,16000085.0,KENJI,11.0,3.0,#LV9QQLR08,nguyentran,16000048.0,GROM,9.0,3.0,#2Q9YVQLV9V,GhoulAxl,16000019.0,PENNY,10.0,3.0,#88VRUGUP8,plex,16000085.0,KENJI,11.0,3.0,,,,,,,,,,,,,,,,GROM,,
20241113T190503.000Z,15000440,knockout,Flaring Phoenix,soloRanked,knockout,victory,68.0,,,#RPR2P0QY0,Hapha,16000043.0,EDGAR,11.0,2.0,#RPR2P0QY0,Hapha,16000043.0,EDGAR,11.0,2.0,#8Q8JLCP09,SÕõ‚Ç≥‚Ç•888,16000004.0,RICO,11.0,2.0,#LV9QQLR08,nguyentran,16000001.0,COLT,10.0,2.0,,,,,,,,,,,,,,,,COLT,,
20241111T192706.000Z,15000053,heist,Hot Potato,soloRanked,heist,victory,85.0,,,#8V9RPCLP9,üòà‚óèSa{Y}ReX‚óèüòà,16000001.0,COLT,11.0,2.0,#LV9QQLR08,nguyentran,16000035.0,GALE,9.0,2.0,#2QGJUP82CV,cannonball,16000053.0,LOLA,9.0,2.0,#2QL2V8UCPU,mortƒ±lüáπüá∑meyin,16000001.0,COLT,9.0,2.0,,,,,,,,,,,,,,,,GALE,,
20241111T192452.000Z,15000548,knockout,Out in the Open,soloRanked,knockout,victory,58.0,,,#989YYQYVP,baptiste,16000015.0,PIPER,11.0,2.0,#989YYQYVP,baptiste,16000015.0,PIPER,11.0,2.0,#LV9QQLR08,nguyentran,16000003.0,BROCK,9.0,2.0,#PCCLYJCC0,ghy,16000031.0,MR. P,10.0,2.0,,,,,,,,,,,,,,,,BROCK,,
20241111T192304.000Z,15000053,heist,Hot Potato,soloRanked,heist,victory,77.0,,,#LL9P8PQG9,Coca-Cola,16000077.0,LARRY & LAWRIE,9.0,2.0,#22YRUUV88C,‚ù§Ô∏è‚Äçüî•‚ù§Ô∏èüíû,16000001.0,COLT,10.0,2.0,#LL9P8PQG9,Coca-Cola,16000077.0,LARRY & LAWRIE,9.0,2.0,#LV9QQLR08,nguyentran,16000054.0,FANG,10.0,2.0,,,,,,,,,,,,,,,,FANG,,
20241111T192034.000Z,15000368,knockout,Belle's Rock,soloRanked,knockout,victory,106.0,,,#GRJ202GLG,vIcallMeDxevil-,16000029.0,BEA,11.0,2.0,#LV9QQLR08,nguyentran,16000077.0,LARRY & LAWRIE,9.0,1.0,#LQQYGCV29,colin,16000005.0,SPIKE,11.0,2.0,#LQQ0VGYGG,El pizzaioloüçï,16000009.0,DYNAMIKE,11.0,2.0,,,,,,,,,,,,,,,,LARRY & LAWRIE,,
20241111T191751.000Z,15000004,bounty,Snake Prairie,soloRanked,bounty,defeat,76.0,,,#R0209P89L,–ë–æ–µ—Ü,16000000.0,SHELLY,11.0,1.0,#L99UYGG8V,mr.H,16000075.0,MICO,11.0,2.0,#LV9QQLR08,nguyentran,16000043.0,EDGAR,10.0,1.0,#LQQYGCV29,colin,16000024.0,ROSA,11.0,2.0,,,,,,,,,,,,,,,,EDGAR,,
20241111T191458.000Z,15000050,brawlBall,Sneaky Fields,soloRanked,brawlBall,victory,57.0,,,#LV9QQLR08,nguyentran,16000034.0,JACKY,10.0,1.0,#29RJJGP8Q,kƒØ√±g√∏G,16000043.0,EDGAR,11.0,1.0,#LV9QQLR08,nguyentran,16000034.0,JACKY,10.0,1.0,#LQQYGCV29,colin,16000005.0,SPIKE,11.0,1.0,,,,,,,,,,,,,,,,JACKY,,
20241111T191314.000Z,15000293,hotZone,Parallel Plays,soloRanked,hotZone,victory,70.0,,,#LV9QQLR08,nguyentran,16000034.0,JACKY,10.0,1.0,#89UJY0C0C,aaraa,16000040.0,AMBER,11.0,1.0,#LV9QQLR08,nguyentran,16000034.0,JACKY,10.0,1.0,#LQQYGCV29,colin,16000048.0,GROM,11.0,1.0,,,,,,,,,,,,,,,,JACKY,,
20241111T191119.000Z,15000292,hotZone,Open Business,soloRanked,hotZone,victory,109.0,,,#LQQYGCV29,colin,16000005.0,SPIKE,11.0,1.0,#C0RCUJUC,Mark-Gamer,16000048.0,GROM,10.0,1.0,#LV9QQLR08,nguyentran,16000004.0,RICO,9.0,1.0,#LQQYGCV29,colin,16000005.0,SPIKE,11.0,1.0,,,,,,,,,,,,,,,,RICO,,
20241111T190831.000Z,15000054,bounty,Canal Grande,soloRanked,bounty,victory,50.0,,,#2YU8JPPUGJ,holi,16000000.0,SHELLY,11.0,1.0,#2YU8JPPUGJ,holi,16000000.0,SHELLY,11.0,1.0,#LV9QQLR08,nguyentran,16000009.0,DYNAMIKE,9.0,1.0,#LQQYGCV29,colin,16000014.0,BO,10.0,1.0,,,,,,,,,,,,,,,,DYNAMIKE,,
20241111T120407.000Z,15000700,knockout5V5,Sizzling Chambers,ranked,knockout,defeat,209.0,,-3.0,#RQVRPGVGP,flash maquein,16000042.0,BYRON,9.0,517.0,#2L0RCG8LUC,ƒÜ√≠≈Ñ√°≈ô,16000030.0,EMZ,10.0,451.0,#2QYVR0VQVU,uukns,16000009.0,DYNAMIKE,9.0,499.0,#LV9QQLR08,nguyentran,16000075.0,MICO,9.0,496.0,#RPQVV89QG,gabe,16000005.0,SPIKE,9.0,500.0,#299L8C9PV,Cobra,16000087.0,JUJU,10.0,498.0,,,,MICO,,
20241111T115959.000Z,15000368,knockout,Belle's Rock,ranked,knockout,defeat,37.0,,,#GGYV290PR,stayhigh,16000000.0,SHELLY,11.0,536.0,#GGYV290PR,stayhigh,16000000.0,SHELLY,11.0,536.0,#GVCRJLQC9,Artemis.420,16000037.0,SPROUT,1.0,8.0,#LV9QQLR08,nguyentran,16000075.0,MICO,9.0,496.0,,,,,,,,,,,,,,,,MICO,,
20241111T115834.000Z,15000368,knockout,Belle's Rock,ranked,knockout,victory,96.0,,9.0,#20L9JGPGP,vivi07,16000013.0,POCO,8.0,512.0,#20L9JGPGP,vivi07,16000013.0,POCO,8.0,512.0,#UP29R0GG0,—Ö–∏—Å–æ–Ω–∏_999,16000052.0,MEG,9.0,508.0,#LV9QQLR08,nguyentran,16000075.0,MICO,9.0,487.0,,,,,,,,,,,,,,,,MICO,,
20241111T115620.000Z,15000700,knockout5V5,Sizzling Chambers,ranked,knockout,victory,306.0,,8.0,#VY9UVULY,vilderswef,16000014.0,BO,11.0,489.0,#GJURJVYLL,–õ–ï–û–ù,16000011.0,MORTIS,9.0,484.0,#20VUQYV9GG,milan,16000085.0,KENJI,10.0,476.0,#LV9QQLR08,nguyentran,16000075.0,MICO,9.0,479.0,#VY9UVULY,vilderswef,16000014.0,BO,11.0,489.0,#80QGRLU9L,Artemlol33,16000019.0,PENNY,8.0,473.0,,,,MICO,,
20241111T105230.000Z,15000033,soloShowdown,Cavern Churn,ranked,soloShowdown,,,1.0,10.0,,,,,,,,,,,,,,,,,,,,,,,,,,,,,,,,,,,,,,,,SHELLY,,
20241111T105141.000Z,15000033,soloShowdown,Cavern Churn,ranked,soloShowdown,,,6.0,1.0,,,,,,,,,,,,,,,,,,,,,,,,,,,,,,,,,,,,,,,,SHELLY,,
20241120T181325.000Z,15000022,bounty,Hideout,soloRanked,bounty,victory,81.0,,,#U99YQG9J,–∞—Ä–∏–Ω–∞–±–æ—Ç,16000035.0,GALE,11.0,4.0,#2Q0PUGQQCY,$A√ë11,16000019.0,PENNY,9.0,4.0,#U99YQG9J,–∞—Ä–∏–Ω–∞–±–æ—Ç,16000035.0,GALE,11.0,4.0,#LV9QQLR08,nguyentran,16000022.0,TICK,9.0,4.0,,,,,,,,,,,,,,,,TICK,,
20241120T180934.000Z,15000548,knockout,Out in the Open,soloRanked,knockout,victory,147.0,,,#RGJJUYPLQ,VictorT08,16000027.0,8-BIT,11.0,4.0,#RRY980UL9,KUBEK_PREZESü§ë,16000030.0,EMZ,11.0,4.0,#LV9QQLR08,nguyentran,16000015.0,PIPER,9.0,4.0,#9822P09R,giolly 2,16000001.0,COLT,11.0,4.0,,,,,,,,,,,,,,,,PIPER,,
20241120T180609.000Z,15000115,gemGrab,Double Swoosh,soloRanked,gemGrab,victory,90.0,,,#2QGU8C00JY,Patrik,16000018.0,DARRYL,10.0,4.0,#890JP8YYU,ela are ela,16000020.0,FRANK,11.0,4.0,#LV9QQLR08,nguyentran,16000034.0,JACKY,10.0,4.0,#2LCJJPG0L2,ma√´l‚ô§¬•$,16000043.0,EDGAR,9.0,4.0,,,,,,,,,,,,,,,,JACKY,,
20241120T180351.000Z,15000072,heist,Bridge Too Far,soloRanked,heist,defeat,63.0,,,#QVPJCPRYV,BOSS POWER üáµüá∏,16000050.0,GRIFF,9.0,4.0,#LV9QQLR08,nguyentran,16000015.0,PIPER,9.0,4.0,#2G080VYCUC,Alex 2.0,16000001.0,COLT,10.0,4.0,#2G889Y2UUY,pa≈•a,16000000.0,SHELLY,9.0,4.0,,,,,,,,,,,,,,,,PIPER,,
20241120T180156.000Z,15000300,hotZone,Ring of Fire,soloRanked,hotZone,victory,74.0,,,#LP0U22PUG,Wertix,16000043.0,EDGAR,11.0,3.0,#LV9QQLR08,nguyentran,16000005.0,SPIKE,9.0,3.0,#LP0U22PUG,Wertix,16000043.0,EDGAR,11.0,3.0,#2YL9QY9GJU,zhanymkaaü§ç,16000030.0,EMZ,11.0,3.0,,,,,,,,,,,,,,,,SPIKE,,
20241120T175945.000Z,15000025,brawlBall,Triple Dribble,soloRanked,brawlBall,victory,40.0,,,#P8URU0Q22,mert,16000020.0,FRANK,11.0,3.0,#2Q2RGPG90G,berat pro,16000018.0,DARRYL,9.0,3.0,#P8URU0Q22,mert,16000020.0,FRANK,11.0,3.0,#LV9QQLR08,nguyentran,16000049.0,BUZZ,9.0,3.0,,,,,,,,,,,,,,,,BUZZ,,
20241120T175808.000Z,15000022,bounty,Hideout,soloRanked,bounty,victory,48.0,,,#28JLQ202U,sosy_jopy//:,16000009.0,DYNAMIKE,10.0,3.0,#LV9QQLR08,nguyentran,16000011.0,MORTIS,9.0,3.0,#2LQURR80V0,Chimotyri,16000043.0,EDGAR,9.0,3.0,#28JLQ202U,sosy_jopy//:,16000009.0,DYNAMIKE,10.0,3.0,,,,,,,,,,,,,,,,MORTIS,,
20241120T175630.000Z,15000004,bounty,Snake Prairie,soloRanked,bounty,defeat,54.0,,,#L2LY00RVL,florns,16000000.0,SHELLY,10.0,3.0,#GCPPG8YYC,–∞–ª–∏–Ω—É—Å,16000043.0,EDGAR,11.0,3.0,#LV9QQLR08,nguyentran,16000024.0,ROSA,9.0,3.0,#2QV299L8C2,Owen,16000010.0,EL PRIMO,9.0,3.0,,,,,,,,,,,,,,,,ROSA,,
20241219T154529.000Z,15000820,unknown,Broiler Room,ranked,siege,defeat,153.0,,,#8Q2C00PJQ,gx maffin,16000005.0,SPIKE,11.0,449.0,#8Q2C00PJQ,gx maffin,16000005.0,SPIKE,11.0,449.0,#8V28PVJPJ,Natka,16000007.0,JESSIE,11.0,500.0,#LV9QQLR08,nguyentran,16000032.0,MAX,9.0,477.0,,,,,,,,,,,,,,,,MAX,,
20241218T184500.000Z,15000132,brawlBall,Center Stage,ranked,brawlBall,victory,48.0,,8.0,#LV9QQLR08,nguyentran,16000018.0,DARRYL,9.0,429.0,#9LCR2JRL9,v4zEn,16000026.0,BIBI,9.0,636.0,#LQQYGCV29,colin,16000014.0,BO,10.0,641.0,#LV9QQLR08,nguyentran,16000018.0,DARRYL,9.0,429.0,,,,,,,,,,,,,,,,DARRYL,,
20241218T184332.000Z,15000132,brawlBall,Center Stage,ranked,brawlBall,defeat,44.0,,-1.0,#298QY0YYRC,titouan,16000026.0,BIBI,11.0,669.0,#2L0RQGLY2L,mortis,16000001.0,COLT,9.0,671.0,#LV9QQLR08,nguyentran,16000088.0,BUZZ LIGHTYEAR,11.0,199.0,#LQQYGCV29,colin,16000014.0,BO,10.0,645.0,,,,,,,,,,,,,,,,BUZZ LIGHTYEAR,,
20241218T184211.000Z,15000132,brawlBall,Center Stage,ranked,brawlBall,victory,161.0,,8.0,#LV9QQLR08,nguyentran,16000088.0,BUZZ LIGHTYEAR,11.0,191.0,#LV9QQLR08,nguyentran,16000088.0,BUZZ LIGHTYEAR,11.0,191.0,#LQQYGCV29,colin,16000014.0,BO,10.0,637.0,#GGQ8JYPPG,Maxim,16000009.0,DYNAMIKE,9.0,636.0,,,,,,,,,,,,,,,,BUZZ LIGHTYEAR,,
20241218T183901.000Z,15000132,brawlBall,Center Stage,ranked,brawlBall,defeat,150.0,,-2.0,#2JCLPG0V,ÍßÅ‡ºí‚ò¢Lil_To◊ê÷∏ic‚ò¢,16000004.0,RICO,10.0,659.0,#LV9QQLR08,nguyentran,16000004.0,RICO,9.0,355.0,#LQQYGCV29,colin,16000014.0,BO,10.0,641.0,#88GGVR8PY,OverErmine,16000088.0,BUZZ LIGHTYEAR,11.0,656.0,,,,,,,,,,,,,,,,RICO,,
20241218T183555.000Z,15000132,brawlBall,Center Stage,ranked,brawlBall,victory,45.0,,8.0,#JU280CRY2,Angel_nuv,16000085.0,KENJI,11.0,600.0,#JU280CRY2,Angel_nuv,16000085.0,KENJI,11.0,600.0,#LV9QQLR08,nguyentran,16000004.0,RICO,9.0,347.0,#LQQYGCV29,colin,16000014.0,BO,10.0,633.0,,,,,,,,,,,,,,,,RICO,,
20241218T183437.000Z,15000132,brawlBall,Center Stage,ranked,brawlBall,defeat,82.0,,-2.0,#QGVL2YPC,Matthew,16000088.0,BUZZ LIGHTYEAR,11.0,627.0,#LQQYGCV29,colin,16000014.0,BO,10.0,637.0,#LV9QQLR08,nguyentran,16000004.0,RICO,9.0,349.0,#2V9LCRVGR,flacko,16000088.0,BUZZ LIGHTYEAR,11.0,628.0,,,,,,,,,,,,,,,,RICO,,
20241218T183238.000Z,15000132,brawlBall,Center Stage,ranked,brawlBall,victory,78.0,,8.0,#9C0YY8C0L,ùêûùê•ùê¢ùêüùêüùê≤Íô≥,16000014.0,BO,11.0,643.0,#9C0YY8C0L,ùêûùê•ùê¢ùêüùêüùê≤Íô≥,16000014.0,BO,11.0,643.0,#LV9QQLR08,nguyentran,16000004.0,RICO,9.0,341.0,#LQQYGCV29,colin,16000014.0,BO,10.0,628.0,,,,,,,,,,,,,,,,RICO,,
20241218T183046.000Z,15000748,paintBrawl,Rusty Rebound,ranked,gemGrab,defeat,143.0,,,#CC9LQGC9,Matthew,16000007.0,JESSIE,11.0,538.0,#2U8P2Q29Y,I clap u 3 x,16000075.0,MICO,9.0,234.0,#QQPJPL90,Mhmd Bydn,16000088.0,BUZZ LIGHTYEAR,11.0,0.0,#LV9QQLR08,nguyentran,16000043.0,EDGAR,10.0,500.0,,,,,,,,,,,,,,,,EDGAR,,
20241218T182721.000Z,15000828,unknown,Celestial Crusade,ranked,siege,victory,88.0,,,#2LQ089JPQP,chelisa,16000088.0,BUZZ LIGHTYEAR,11.0,414.0,#2020LY2G9C,lulu,16000020.0,FRANK,10.0,375.0,#2LQ089JPQP,chelisa,16000088.0,BUZZ LIGHTYEAR,11.0,414.0,#LV9QQLR08,nguyentran,16000007.0,JESSIE,9.0,500.0,,,,,,,,,,,,,,,,JESSIE,,
20241218T182459.000Z,15000523,botDrop,Departure,ranked,botDrop,victory,115.0,,,#LV9QQLR08,nguyentran,16000020.0,FRANK,9.0,500.0,#P08U08QP2,√ßƒ±nar,16000001.0,COLT,9.0,498.0,#89Q28P9UY,DaMeX,16000043.0,EDGAR,11.0,606.0,#LV9QQLR08,nguyentran,16000020.0,FRANK,9.0,500.0,,,,,,,,,,,,,,,,FRANK,,
20241218T182209.000Z,15000807,unknown,Reef Raiding,ranked,siege,victory,85.0,,,#LV9QQLR08,nguyentran,16000020.0,FRANK,9.0,500.0,#YVYRUQUGP,–µ–º–∞–∞–∞,16000015.0,PIPER,9.0,221.0,#8CJQVCCVV,–ö–æ–ª–µ—Ç—Ç,16000088.0,BUZZ LIGHTYEAR,11.0,157.0,#LV9QQLR08,nguyentran,16000020.0,FRANK,9.0,500.0,,,,,,,,,,,,,,,,FRANK,,
20241218T181948.000Z,15000203,presentPlunder,Walk In Walk Out,ranked,trophyThieves,victory,150.0,,,#LV9QQLR08,nguyentran,16000005.0,SPIKE,9.0,457.0,#LJCLPG8R8,melike,16000000.0,SHELLY,11.0,369.0,#LV9QQLR08,nguyentran,16000005.0,SPIKE,9.0,457.0,#GUJVYVPR8,Banane 2.0 üçå,16000011.0,MORTIS,9.0,490.0,,,,,,,,,,,,,,,,SPIKE,,
20241217T131511.000Z,15000032,soloShowdown,Acid Lakes,ranked,soloShowdown,,,10.0,-1.0,,,,,,,,,,,,,,,,,,,,,,,,,,,,,,,,,,,,,,,,BUZZ LIGHTYEAR,,
20241217T131321.000Z,15000032,soloShowdown,Acid Lakes,ranked,soloShowdown,,,1.0,12.0,,,,,,,,,,,,,,,,,,,,,,,,,,,,,,,,,,,,,,,,BUZZ LIGHTYEAR,,
20241217T094635.000Z,15000143,brawlBall,Beach Ball,ranked,brawlBall,victory,68.0,,9.0,#LV9QQLR08,nguyentran,16000088.0,BUZZ LIGHTYEAR,11.0,171.0,#9GPRYGVR,memo,16000086.0,SHADE,7.0,167.0,#92LU2VYLL,Brawler,16000082.0,BERRY,5.0,170.0,#LV9QQLR08,nguyentran,16000088.0,BUZZ LIGHTYEAR,11.0,171.0,,,,,,,,,,,,,,,,BUZZ LIGHTYEAR,,
20241217T094502.000Z,15000143,brawlBall,Beach Ball,ranked,brawlBall,victory,39.0,,8.0,#YV2RYRQ9,Youri,16000088.0,BUZZ LIGHTYEAR,11.0,160.0,#22C29UV82,iAyberQ,16000088.0,BUZZ LIGHTYEAR,11.0,166.0,#YV2RYRQ9,Youri,16000088.0,BUZZ LIGHTYEAR,11.0,160.0,#LV9QQLR08,nguyentran,16000088.0,BUZZ LIGHTYEAR,11.0,163.0,,,,,,,,,,,,,,,,BUZZ LIGHTYEAR,,
20241217T094400.000Z,15000143,brawlBall,Beach Ball,ranked,brawlBall,defeat,158.0,,-1.0,#LV9QQLR08,nguyentran,16000088.0,BUZZ LIGHTYEAR,11.0,164.0,#GPJG229GR,kinane,16000086.0,SHADE,7.0,164.0,#JG2LCUG99,GameR_R√ºzgar007,16000022.0,TICK,7.0,164.0,#LV9QQLR08,nguyentran,16000088.0,BUZZ LIGHTYEAR,11.0,164.0,,,,,,,,,,,,,,,,BUZZ LIGHTYEAR,,
20241217T094056.000Z,15000143,brawlBall,Beach Ball,ranked,brawlBall,victory,119.0,,10.0,#LV9QQLR08,nguyentran,16000088.0,BUZZ LIGHTYEAR,11.0,154.0,#9CQJRJJC2,cmetanka918üá∫üá¶,16000088.0,BUZZ LIGHTYEAR,11.0,176.0,#LV9QQLR08,nguyentran,16000088.0,BUZZ LIGHTYEAR,11.0,154.0,#2QYUQQRGG0,–≥–æ—Ñ,16000060.0,SAM,8.0,212.0,,,,,,,,,,,,,,,,BUZZ LIGHTYEAR,,
20241217T093831.000Z,15000143,brawlBall,Beach Ball,ranked,brawlBall,victory,97.0,,9.0,#LV9QQLR08,nguyentran,16000088.0,BUZZ LIGHTYEAR,11.0,145.0,#LV9QQLR08,nguyentran,16000088.0,BUZZ LIGHTYEAR,11.0,145.0,#9G2QU80R8,‚ö°ƒª√òƒª√ò‚Ñ¢Ô∏è‚Åπ,16000082.0,BERRY,8.0,146.0,#YLGUY2C8Y,–Ω–µ,16000045.0,STU,5.0,145.0,,,,,,,,,,,,,,,,BUZZ LIGHTYEAR,,
20241217T093620.000Z,15000143,brawlBall,Beach Ball,ranked,brawlBall,defeat,158.0,,-1.0,#VG8Q20CQ,Iomar,16000088.0,BUZZ LIGHTYEAR,11.0,135.0,#RLVGYQRJ8,alex firu,16000088.0,BUZZ LIGHTYEAR,11.0,139.0,#VG8Q20CQ,Iomar,16000088.0,BUZZ LIGHTYEAR,11.0,135.0,#LV9QQLR08,nguyentran,16000081.0,LILY,9.0,134.0,,,,,,,,,,,,,,,,LILY,,
20241217T093313.000Z,15000143,brawlBall,Beach Ball,ranked,brawlBall,victory,37.0,,9.0,#2QQQYYR0C8,pro eymen,16000088.0,BUZZ LIGHTYEAR,11.0,114.0,#LV9QQLR08,nguyentran,16000081.0,LILY,9.0,125.0,#2QQQYYR0C8,pro eymen,16000088.0,BUZZ LIGHTYEAR,11.0,114.0,#2QGJP2RYU2,[tugra07],16000009.0,DYNAMIKE,7.0,116.0,,,,,,,,,,,,,,,,LILY,,
20241217T093149.000Z,15000143,brawlBall,Beach Ball,ranked,brawlBall,victory,30.0,,8.0,#2QJQLJGUGL,hacker303,16000088.0,BUZZ LIGHTYEAR,11.0,116.0,#2QJQLJGUGL,hacker303,16000088.0,BUZZ LIGHTYEAR,11.0,116.0,#LV9QQLR08,nguyentran,16000081.0,LILY,9.0,117.0,#2GGP2PG8CQ,karpac,16000088.0,BUZZ LIGHTYEAR,11.0,117.0,,,,,,,,,,,,,,,,LILY,,
20241217T093031.000Z,15000143,brawlBall,Beach Ball,ranked,brawlBall,victory,29.0,,8.0,#2QU98QLGUP,◊ë◊†◊ô◊û◊ô◊ü,16000010.0,EL PRIMO,7.0,148.0,#2QU98QLGUP,◊ë◊†◊ô◊û◊ô◊ü,16000010.0,EL PRIMO,7.0,148.0,#LV9QQLR08,nguyentran,16000088.0,BUZZ LIGHTYEAR,11.0,137.0,#2LL202QURC,Shelly,16000007.0,JESSIE,1.0,98.0,,,,,,,,,,,,,,,,BUZZ LIGHTYEAR,,
20241217T092922.000Z,15000143,brawlBall,Beach Ball,ranked,brawlBall,defeat,58.0,,-1.0,#QLUVVLC89,–∫–∞–π –∞–Ω–∂–µ–ª,16000088.0,BUZZ LIGHTYEAR,11.0,116.0,#9L9GJQPJ9,[–ë–õ–ï–¢]FROSTIK05,16000066.0,R-T,4.0,118.0,#29CYP900U,Tonio,16000077.0,LARRY & LAWRIE,11.0,118.0,#LV9QQLR08,nguyentran,16000081.0,LILY,9.0,118.0,,,,,,,,,,,,,,,,LILY,,
20241215T221035.000Z,15000011,gemGrab,Undermine,soloRanked,gemGrab,victory,88.0,,,#LV9QQLR08,nguyentran,16000052.0,MEG,9.0,4.0,#2QJVLP0YGU,Louis,16000004.0,RICO,9.0,4.0,#LV9QQLR08,nguyentran,16000052.0,MEG,9.0,4.0,#89CQG2RJ2,üëæhoelitoüëæ,16000011.0,MORTIS,11.0,5.0,,,,,,,,,,,,,,,,MEG,,
20241215T220817.000Z,15000293,hotZone,Parallel Plays,soloRanked,hotZone,defeat,96.0,,,#YURU8PQP,Frost,16000049.0,BUZZ,11.0,4.0,#YQU99PLPC,Fortnite Bende,16000058.0,BONNIE,9.0,4.0,#222GPYR8VV,lastars16,16000057.0,JANET,9.0,4.0,#LV9QQLR08,nguyentran,16000043.0,EDGAR,10.0,4.0,,,,,,,,,,,,,,,,EDGAR,,
20241215T220553.000Z,15000293,hotZone,Parallel Plays,soloRanked,hotZone,defeat,77.0,,,#GCCLQQR98,yumbino,16000077.0,LARRY & LAWRIE,11.0,4.0,#LV9QQLR08,nguyentran,16000038.0,SURGE,9.0,4.0,#GJR8G2QGU,|‚ô§|HAMBER|‚ô§|,16000043.0,EDGAR,11.0,4.0,#22GCYGU8PG,laauu16,16000027.0,8-BIT,9.0,4.0,,,,,,,,,,,,,,,,SURGE,,
20241215T220335.000Z,15000208,presentPlunder,Twisted Plan,ranked,trophyThieves,victory,34.0,,,#L0ULV08GV,üåπQLS|ROZA4KAüåπ,16000023.0,LEON,11.0,480.0,#Y9J9Y8GJ8,BELEN,16000014.0,BO,10.0,529.0,#LV9QQLR08,nguyentran,16000020.0,FRANK,9.0,500.0,#L0ULV08GV,üåπQLS|ROZA4KAüåπ,16000023.0,LEON,11.0,480.0,,,,,,,,,,,,,,,,FRANK,,
20241215T220209.000Z,15000805,unknown,Rock Bottom,ranked,siege,victory,94.0,,,#GQ202820G,ü™®general rosa,16000001.0,COLT,11.0,588.0,#LV9QQLR08,nguyentran,16000088.0,BUZZ LIGHTYEAR,11.0,137.0,#2898CGQUU,thedoge,16000020.0,FRANK,11.0,976.0,#GQ202820G,ü™®general rosa,16000001.0,COLT,11.0,588.0,,,,,,,,,,,,,,,,BUZZ LIGHTYEAR,,
20241215T215941.000Z,15000203,presentPlunder,Walk In Walk Out,ranked,trophyThieves,victory,84.0,,,#2898CGQUU,thedoge,16000020.0,FRANK,11.0,976.0,#LG0G8CQCU,–≤–∏–∑—É–Ω—á–∏–∫,16000026.0,BIBI,11.0,452.0,#LV9QQLR08,nguyentran,16000032.0,MAX,9.0,477.0,#2898CGQUU,thedoge,16000020.0,FRANK,11.0,976.0,,,,,,,,,,,,,,,,MAX,,
20241215T215721.000Z,15000820,unknown,Broiler Room,ranked,siege,victory,85.0,,,#2YP8UCV00Y,‰∫ûÊ≠∑ÂÖãÊñØÊòØ‰∏≠Âúã‰∫∫„ÄÇ,16000007.0,JESSIE,11.0,818.0,#2898CGQUU,thedoge,16000009.0,DYNAMIKE,11.0,948.0,#LV9QQLR08,nguyentran,16000005.0,SPIKE,9.0,457.0,#2C99Q8RQV,bob,16000030.0,EMZ,11.0,766.0,,,,,,,,,,,,,,,,SPIKE,,
20241215T215446.000Z,15000548,knockout,Out in the Open,soloRanked,knockout,victory,55.0,,,#GQCVQGV,_josepsoto,16000003.0,BROCK,11.0,4.0,#GQCVQGV,_josepsoto,16000003.0,BROCK,11.0,4.0,#22LRV02V,MasterLeon,16000081.0,LILY,11.0,4.0,#LV9QQLR08,nguyentran,16000035.0,GALE,9.0,4.0,,,,,,,,,,,,,,,,GALE,,
20241215T215306.000Z,15000636,gemGrab,Last Stop,soloRanked,gemGrab,victory,92.0,,,#8GUG89QLG,Naiiiinnoooo,16000081.0,LILY,11.0,4.0,#LV9QQLR08,nguyentran,16000046.0,BELLE,9.0,4.0,#8GUG89QLG,Naiiiinnoooo,16000081.0,LILY,11.0,4.0,#RPYYY2PL2,blessmonkey,16000003.0,BROCK,10.0,4.0,,,,,,,,,,,,,,,,BELLE,,
20241215T215034.000Z,15000368,knockout,Belle's Rock,soloRanked,knockout,victory,52.0,,,#9RPQJRPL0,Shadow,16000022.0,TICK,11.0,4.0,#9RPQJRPL0,Shadow,16000022.0,TICK,11.0,4.0,#RJURG0P8,affepaffe,16000004.0,RICO,11.0,4.0,#LV9QQLR08,nguyentran,16000009.0,DYNAMIKE,9.0,4.0,,,,,,,,,,,,,,,,DYNAMIKE,,
20241215T214906.000Z,15000548,knockout,Out in the Open,soloRanked,knockout,defeat,76.0,,,#GRRCVCG9,ujo,16000068.0,MAISIE,11.0,4.0,#2LL9VYQ80Q,svnnn,16000030.0,EMZ,10.0,4.0,#P0JUR8Y9L,Amoluss,16000069.0,HANK,11.0,4.0,#LV9QQLR08,nguyentran,16000004.0,RICO,9.0,4.0,,,,,,,,,,,,,,,,RICO,,
20241215T010257.000Z,15000306,hotZone,Dueling Beetles,soloRanked,hotZone,victory,76.0,,,#RGLVPPLQJ,–∫—É–∫—É–≤–µ—Ä—Ç–∏–∫,16000008.0,NITA,11.0,5.0,#JPPCL9288,MRF,16000009.0,DYNAMIKE,11.0,4.0,#RGLVPPLQJ,–∫—É–∫—É–≤–µ—Ä—Ç–∏–∫,16000008.0,NITA,11.0,5.0,#LV9QQLR08,nguyentran,16000022.0,TICK,9.0,4.0,,,,,,,,,,,,,,,,TICK,,
20241215T010053.000Z,15000007,gemGrab,Hard Rock Mine,soloRanked,gemGrab,defeat,86.0,,,#PLC9V8VGQ,QA|KiLLER,16000023.0,LEON,10.0,4.0,#P2PPCC0QR,l.e.t.ii_,16000026.0,BIBI,11.0,4.0,#LV9QQLR08,nguyentran,16000043.0,EDGAR,10.0,4.0,#9RVQCQ2V2,–º–∏–∫–∞—Å–∞,16000045.0,STU,9.0,4.0,,,,,,,,,,,,,,,,EDGAR,,
20241215T005842.000Z,15000053,heist,Hot Potato,soloRanked,heist,defeat,60.0,,,#RLJ2YVCC,Memat Flexat,16000043.0,EDGAR,11.0,4.0,#YQLJ0QYQP,Nathgamer,16000007.0,JESSIE,10.0,4.0,#2GR8C9YL8,[Voldemar],16000030.0,EMZ,10.0,4.0,#LV9QQLR08,nguyentran,16000005.0,SPIKE,9.0,4.0,,,,,,,,,,,,,,,,SPIKE,,
20241215T005645.000Z,15000007,gemGrab,Hard Rock Mine,soloRanked,gemGrab,victory,144.0,,,#LV9QQLR08,nguyentran,16000043.0,EDGAR,10.0,3.0,#9G0GYQL8R,DeeMon,16000026.0,BIBI,11.0,3.0,#LV9QQLR08,nguyentran,16000043.0,EDGAR,10.0,3.0,#L2VGYGVY2,Leon4093,16000035.0,GALE,11.0,3.0,,,,,,,,,,,,,,,,EDGAR,,
20241215T005339.000Z,15000053,heist,Hot Potato,soloRanked,heist,defeat,64.0,,,#892L2Q8GU,JeSuisMuscl√©(El,16000001.0,COLT,11.0,3.0,#2G0JLQQQQJ,Amin,16000018.0,DARRYL,9.0,3.0,#LV9QQLR08,nguyentran,16000007.0,JESSIE,9.0,3.0,#2G00PCU2G9,Louis,16000009.0,DYNAMIKE,11.0,3.0,,,,,,,,,,,,,,,,JESSIE,,
20241215T005148.000Z,15000118,brawlBall,Pinball Dreams,soloRanked,brawlBall,victory,147.0,,,#LV9QQLR08,nguyentran,16000038.0,SURGE,9.0,3.0,#J2U9YPPCL,anusz,16000019.0,PENNY,9.0,2.0,#2LQY08L28J,Ken,16000004.0,RICO,9.0,3.0,#LV9QQLR08,nguyentran,16000038.0,SURGE,9.0,3.0,,,,,,,,,,,,,,,,SURGE,,
20241215T004844.000Z,15000019,heist,Safe Zone,soloRanked,heist,defeat,138.0,,,#Y8Q8UUJR0,Kot_Nikita,16000086.0,SHADE,11.0,3.0,#LV9QQLR08,nguyentran,16000001.0,COLT,10.0,3.0,#VC80QCJ29,Nasko_95,16000009.0,DYNAMIKE,11.0,3.0,#RQLG00JLR,Degol2345,16000007.0,JESSIE,11.0,3.0,,,,,,,,,,,,,,,,COLT,,
20241215T004535.000Z,15000025,brawlBall,Triple Dribble,soloRanked,brawlBall,defeat,81.0,,,#92PV0R890,üö¨ Panyking üö¨,16000085.0,KENJI,11.0,3.0,#22PJ2V0QGL,timset87,16000011.0,MORTIS,10.0,3.0,#2QCGLC9C28,baur,16000043.0,EDGAR,10.0,3.0,#LV9QQLR08,nguyentran,16000038.0,SURGE,9.0,3.0,,,,,,,,,,,,,,,,SURGE,,
20241215T004318.000Z,15000293,hotZone,Parallel Plays,soloRanked,hotZone,victory,57.0,,,#RGR92R0CQ,üáßüá¨|ƒÑLKƒÑP√òN∆è,16000011.0,MORTIS,11.0,2.0,#RGR92R0CQ,üáßüá¨|ƒÑLKƒÑP√òN∆è,16000011.0,MORTIS,11.0,2.0,#90G0GLYG2,‚ôß|Lio|‚ô§,16000034.0,JACKY,11.0,3.0,#LV9QQLR08,nguyentran,16000038.0,SURGE,9.0,3.0,,,,,,,,,,,,,,,,SURGE,,
20241215T004120.000Z,15000306,hotZone,Dueling Beetles,soloRanked,hotZone,victory,108.0,,,#GRY899LC2,‚Ä¢skip≈ì,16000035.0,GALE,11.0,3.0,#82LYY9VYC,yadad,16000086.0,SHADE,11.0,3.0,#GRY899LC2,‚Ä¢skip≈ì,16000035.0,GALE,11.0,3.0,#LV9QQLR08,nguyentran,16000009.0,DYNAMIKE,9.0,3.0,,,,,,,,,,,,,,,,DYNAMIKE,,
20241215T003831.000Z,15000004,bounty,Snake Prairie,soloRanked,bounty,victory,45.0,,,#2L99PJG29,Kinili59,16000047.0,SQUEAK,11.0,2.0,#2QCJVURVGY,mortis 3008,16000008.0,NITA,9.0,2.0,#2L99PJG29,Kinili59,16000047.0,SQUEAK,11.0,2.0,#LV9QQLR08,nguyentran,16000014.0,BO,9.0,3.0,,,,,,,,,,,,,,,,BO,,
20241215T003707.000Z,15000007,gemGrab,Hard Rock Mine,soloRanked,gemGrab,defeat,100.0,,,#29RCR2GYY,meme,16000000.0,SHELLY,11.0,2.0,#20UVR0R98,soulxerosion,16000024.0,ROSA,11.0,3.0,#Q0J29CL09,Titimatias44,16000002.0,BULL,11.0,3.0,#LV9QQLR08,nguyentran,16000001.0,COLT,10.0,3.0,,,,,,,,,,,,,,,,COLT,,
20241215T003441.000Z,15000132,brawlBall,Center Stage,soloRanked,brawlBall,defeat,150.0,,,#R8990YCUP,ST¬∞Lou¬∞‚Ñ¢Ô∏è‚öïÔ∏è,16000038.0,SURGE,11.0,3.0,#VRVLCGPRP,hamxthy,16000007.0,JESSIE,11.0,3.0,#LV9QQLR08,nguyentran,16000034.0,JACKY,10.0,3.0,#2LJVL98UUC,iKaZ16,16000035.0,GALE,11.0,3.0,,,,,,,,,,,,,,,,JACKY,,
20241215T003107.000Z,15000293,hotZone,Parallel Plays,soloRanked,hotZone,victory,58.0,,,#LV9QQLR08,nguyentran,16000043.0,EDGAR,10.0,2.0,#2QQLVJ0JLP,–¥–∞–¥–ø–ø–ª,16000030.0,EMZ,9.0,3.0,#29PLGUCVG,–°–ø–∞—Ä—Ç–∞–∫ —á–µ–º–ø–∏–æ–Ω,16000020.0,FRANK,9.0,3.0,#LV9QQLR08,nguyentran,16000043.0,EDGAR,10.0,2.0,,,,,,,,,,,,,,,,EDGAR,,
20241225T154548.000Z,15000022,bounty,Hideout,soloRanked,bounty,victory,85.0,,,#LV9QQLR08,nguyentran,16000009.0,DYNAMIKE,9.0,6.0,#8JYJY298,FruityPebbles,16000036.0,NANI,10.0,6.0,#LV9QQLR08,nguyentran,16000009.0,DYNAMIKE,9.0,6.0,#RJ2UG8UP9,Cr1mson_Chin,16000068.0,MAISIE,11.0,6.0,,,,,,,,,,,,,,,,DYNAMIKE,,
20241225T154257.000Z,15000022,bounty,Hideout,soloRanked,bounty,victory,115.0,,,#9UP000RP2,Adolfo123,16000009.0,DYNAMIKE,11.0,6.0,#RRU2VY0PP,Michael,16000010.0,EL PRIMO,9.0,6.0,#8JYJY298,FruityPebbles,16000003.0,BROCK,11.0,6.0,#LV9QQLR08,nguyentran,16000009.0,DYNAMIKE,9.0,6.0,,,,,,,,,,,,,,,,DYNAMIKE,,
20241225T153957.000Z,15000440,knockout,Flaring Phoenix,soloRanked,knockout,victory,43.0,,,#9LLCGPVJ9,Mescar,16000043.0,EDGAR,11.0,6.0,#LV9QQLR08,nguyentran,16000054.0,FANG,10.0,6.0,#8JYJY298,FruityPebbles,16000004.0,RICO,11.0,6.0,#9LLCGPVJ9,Mescar,16000043.0,EDGAR,11.0,6.0,,,,,,,,,,,,,,,,FANG,,
20241225T153804.000Z,15000022,bounty,Hideout,soloRanked,bounty,victory,87.0,,,#LV9QQLR08,nguyentran,16000009.0,DYNAMIKE,9.0,6.0,#2QGV90JR0V,grumpytoast‚Ä¶,16000023.0,LEON,11.0,6.0,#LV9QQLR08,nguyentran,16000009.0,DYNAMIKE,9.0,6.0,#8JYJY298,FruityPebbles,16000003.0,BROCK,11.0,5.0,,,,,,,,,,,,,,,,DYNAMIKE,,
20241225T153531.000Z,15000368,knockout,Belle's Rock,soloRanked,knockout,victory,39.0,,,#LV9QQLR08,nguyentran,16000009.0,DYNAMIKE,9.0,6.0,#LV9QQLR08,nguyentran,16000009.0,DYNAMIKE,9.0,6.0,#8JYJY298,FruityPebbles,16000036.0,NANI,10.0,5.0,#QQL00PGL,Edge,16000012.0,CROW,11.0,6.0,,,,,,,,,,,,,,,,DYNAMIKE,,
20241225T153402.000Z,15000300,hotZone,Ring of Fire,soloRanked,hotZone,defeat,123.0,,,#2G2UQPL8Y9,makatuun,16000030.0,EMZ,9.0,6.0,#8JYJY298,FruityPebbles,16000053.0,LOLA,10.0,5.0,#LV9QQLR08,nguyentran,16000005.0,SPIKE,9.0,6.0,#8GQQGG8G9,davi,16000006.0,BARLEY,9.0,6.0,,,,,,,,,,,,,,,,SPIKE,,
20241225T153038.000Z,15000636,gemGrab,Last Stop,soloRanked,gemGrab,defeat,103.0,,,#2LC9CRCL2J,jaimetamere,16000008.0,NITA,11.0,6.0,#LV9QQLR08,nguyentran,16000054.0,FANG,10.0,6.0,#8JYJY298,FruityPebbles,16000053.0,LOLA,10.0,5.0,#20YU9R2QYJ,jammin,16000035.0,GALE,10.0,6.0,,,,,,,,,,,,,,,,FANG,,
20241225T152742.000Z,15000018,heist,Kaboom Canyon,soloRanked,heist,victory,85.0,,,#8JYJY298,FruityPebbles,16000007.0,JESSIE,10.0,5.0,#JR0J0VGL9,Ryguy129,16000010.0,EL PRIMO,11.0,6.0,#8JYJY298,FruityPebbles,16000007.0,JESSIE,10.0,5.0,#LV9QQLR08,nguyentran,16000003.0,BROCK,9.0,6.0,,,,,,,,,,,,,,,,BROCK,,
20241225T152512.000Z,15000548,knockout,Out in the Open,soloRanked,knockout,victory,112.0,,,#8JYJY298,FruityPebbles,16000003.0,BROCK,11.0,5.0,#LV9QQLR08,nguyentran,16000011.0,MORTIS,9.0,5.0,#8JYJY298,FruityPebbles,16000003.0,BROCK,11.0,5.0,#2QJCV8RJUJ,bleu,16000030.0,EMZ,9.0,6.0,,,,,,,,,,,,,,,,MORTIS,,
20241225T152120.000Z,15000022,bounty,Hideout,soloRanked,bounty,defeat,120.0,,,#C9UJ0CPY,Ducky Dude,16000001.0,COLT,10.0,6.0,#C9UJ0CPY,Ducky Dude,16000001.0,COLT,10.0,6.0,#LV9QQLR08,nguyentran,16000009.0,DYNAMIKE,9.0,6.0,#8JYJY298,FruityPebbles,16000036.0,NANI,10.0,5.0,,,,,,,,,,,,,,,,DYNAMIKE,,
20241225T151755.000Z,15000300,hotZone,Ring of Fire,soloRanked,hotZone,victory,86.0,,,#8JYJY298,FruityPebbles,16000004.0,RICO,11.0,5.0,#8JYJY298,FruityPebbles,16000004.0,RICO,11.0,5.0,#LV9QQLR08,nguyentran,16000005.0,SPIKE,9.0,5.0,#LY8PLL8LG,Gabo,16000020.0,FRANK,11.0,5.0,,,,,,,,,,,,,,,,SPIKE,,
20241224T213641.000Z,0,,,ranked,hotZone,victory,76.0,,,#LV9QQLR08,nguyentran,16000082.0,BERRY,9.0,130.0,#2LYCY9UPRQ,orible internet,16000020.0,FRANK,9.0,168.0,#LV9QQLR08,nguyentran,16000082.0,BERRY,9.0,130.0,#2L92J2RR8V,catapics,16000023.0,LEON,9.0,141.0,,,,,,,,,,,,,,,,BERRY,,
20241224T213443.000Z,0,,,ranked,duoShowdown,,,2.0,,,,,,,,#2GLCGYLGR9,PipeFlow,16000000.0,SHELLY,8.0,256.0,#LV9QQLR08,nguyentran,16000079.0,ANGELO,9.0,242.0,,,,,,,,,,,,,,,,,,,,,,ANGELO,,
20241224T213326.000Z,0,,,ranked,duoShowdown,,,2.0,,,,,,,,#LV9QQLR08,nguyentran,16000079.0,ANGELO,9.0,242.0,#2GLCGYLGR9,PipeFlow,16000000.0,SHELLY,8.0,256.0,,,,,,,,,,,,,,,,,,,,,,ANGELO,,
20241224T213153.000Z,0,,,ranked,duoShowdown,,,3.0,,,,,,,,#LV9QQLR08,nguyentran,16000079.0,ANGELO,9.0,242.0,#RLJYLL2UC,CR7,16000086.0,SHADE,9.0,233.0,,,,,,,,,,,,,,,,,,,,,,ANGELO,,
20241224T213002.000Z,0,,,ranked,duoShowdown,,,2.0,,,,,,,,#LV9QQLR08,nguyentran,16000079.0,ANGELO,9.0,242.0,#2LVJJQC8G9,scorescorescore,16000086.0,SHADE,7.0,269.0,,,,,,,,,,,,,,,,,,,,,,ANGELO,,
20241224T212930.000Z,0,,,ranked,duoShowdown,,,5.0,,,,,,,,#2QVLJ99Y99,Virtual_blade,16000088.0,BUZZ LIGHTYEAR,11.0,204.0,#LV9QQLR08,nguyentran,16000079.0,ANGELO,9.0,242.0,,,,,,,,,,,,,,,,,,,,,,ANGELO,,
20241224T212918.000Z,0,,,ranked,duoShowdown,,,5.0,,,,,,,,#2QVLJ99Y99,Virtual_blade,16000088.0,BUZZ LIGHTYEAR,11.0,204.0,#LV9QQLR08,nguyentran,16000079.0,ANGELO,9.0,242.0,,,,,,,,,,,,,,,,,,,,,,ANGELO,,
20241224T212736.000Z,0,,,ranked,duoShowdown,,,3.0,,,,,,,,#VCV9LV8G8,acu√±a,16000049.0,BUZZ,9.0,294.0,#LV9QQLR08,nguyentran,16000079.0,ANGELO,9.0,242.0,,,,,,,,,,,,,,,,,,,,,,ANGELO,,
20241224T212620.000Z,0,,,ranked,duoShowdown,,,1.0,,,,,,,,#2YY9J2L0UQ,ian,16000086.0,SHADE,8.0,203.0,#LV9QQLR08,nguyentran,16000079.0,ANGELO,9.0,242.0,,,,,,,,,,,,,,,,,,,,,,ANGELO,,
20241224T212503.000Z,0,,,ranked,duoShowdown,,,4.0,,,,,,,,#LV9QQLR08,nguyentran,16000079.0,ANGELO,9.0,242.0,#Q0RP2YPJG,invictor 1,16000088.0,BUZZ LIGHTYEAR,11.0,250.0,,,,,,,,,,,,,,,,,,,,,,ANGELO,,
20241224T212257.000Z,0,,,ranked,duoShowdown,,,1.0,,,,,,,,#LV9QQLR08,nguyentran,16000079.0,ANGELO,9.0,242.0,#Q0RP2YPJG,invictor 1,16000088.0,BUZZ LIGHTYEAR,11.0,250.0,,,,,,,,,,,,,,,,,,,,,,ANGELO,,
20241224T212158.000Z,0,,,ranked,duoShowdown,,,1.0,,,,,,,,#LV9QQLR08,nguyentran,16000079.0,ANGELO,9.0,242.0,#RQ9UP2G9Y,Cool frog,16000069.0,HANK,1.0,248.0,,,,,,,,,,,,,,,,,,,,,,ANGELO,,
20241224T212108.000Z,0,,,ranked,duoShowdown,,,3.0,,,,,,,,#LV9QQLR08,nguyentran,16000079.0,ANGELO,9.0,242.0,#20G82VCG8,butterstick87,16000086.0,SHADE,10.0,261.0,,,,,,,,,,,,,,,,,,,,,,ANGELO,,
20241224T212102.000Z,0,,,ranked,duoShowdown,,,4.0,,,,,,,,#LV9QQLR08,nguyentran,16000079.0,ANGELO,9.0,242.0,#20RCL2JU2U,BBN JOHN,16000002.0,BULL,6.0,263.0,,,,,,,,,,,,,,,,,,,,,,ANGELO,,
