battle_time,event_id,event_mode,event_map,battle_type,battle_mode,battle_result,battle_duration,battle_rank,battle_trophy_change,star_player_tag,star_player_name,star_player_brawler_id,star_player_brawler_name,star_player_brawler_power,star_player_brawler_trophies,teammate_1_tag,teammate_1_name,teammate_1_brawler_id,teammate_1_brawler_name,teammate_1_brawler_power,teammate_1_brawler_trophies,teammate_2_tag,teammate_2_name,teammate_2_brawler_id,teammate_2_brawler_name,teammate_2_brawler_power,teammate_2_brawler_trophies,teammate_3_tag,teammate_3_name,teammate_3_brawler_id,teammate_3_brawler_name,teammate_3_brawler_power,teammate_3_brawler_trophies,teammate_4_tag,teammate_4_name,teammate_4_brawler_id,teammate_4_brawler_name,teammate_4_brawler_power,teammate_4_brawler_trophies,teammate_5_tag,teammate_5_name,teammate_5_brawler_id,teammate_5_brawler_name,teammate_5_brawler_power,teammate_5_brawler_trophies
20241020T043001.000Z,15000028,duoShowdown,Double Trouble,ranked,duoShowdown,,,2.0,8.0,,,,,,,#QJ092J8CU,bob,16000000.0,SHELLY,11.0,396.0,#2YC2RCUG,Miso,16000068.0,MAISIE,11.0,485.0,,,,,,,,,,,,,,,,,,
20241020T042729.000Z,15000028,duoShowdown,Double Trouble,ranked,duoShowdown,,,1.0,9.0,,,,,,,#QJ092J8CU,bob,16000000.0,SHELLY,11.0,387.0,#2YC2RCUG,Miso,16000068.0,MAISIE,11.0,476.0,,,,,,,,,,,,,,,,,,
20241020T042547.000Z,15000028,duoShowdown,Double Trouble,ranked,duoShowdown,,,5.0,-4.0,,,,,,,#QJ092J8CU,bob,16000000.0,SHELLY,11.0,391.0,#2YC2RCUG,Miso,16000068.0,MAISIE,11.0,481.0,,,,,,,,,,,,,,,,,,
20241020T042321.000Z,15000028,duoShowdown,Double Trouble,ranked,duoShowdown,,,1.0,9.0,,,,,,,#QJ092J8CU,bob,16000000.0,SHELLY,11.0,382.0,#2YC2RCUG,Miso,16000068.0,MAISIE,11.0,469.0,,,,,,,,,,,,,,,,,,
20240605T153434.000Z,15000096,duoShowdown,Stormy Plains,ranked,duoShowdown,,,5.0,-2.0,,,,,,,#PUYGUYPQY,Danosilva,16000023.0,LEON,4.0,10.0,#QJ092J8CU,bob,16000077.0,LARRY & LAWRIE,1.0,150.0,,,,,,,,,,,,,,,,,,
20240605T153219.000Z,15000096,duoShowdown,Stormy Plains,ranked,duoShowdown,,,1.0,9.0,,,,,,,#PUYGUYPQY,Danosilva,16000023.0,LEON,4.0,0.0,#QJ092J8CU,bob,16000077.0,LARRY & LAWRIE,1.0,141.0,,,,,,,,,,,,,,,,,,
20240605T153209.000Z,15000096,duoShowdown,Stormy Plains,ranked,duoShowdown,,,4.0,-1.0,,,,,,,#JG28JP99C,chilon,16000050.0,GRIFF,5.0,147.0,#QJ092J8CU,bob,16000077.0,LARRY & LAWRIE,1.0,142.0,,,,,,,,,,,,,,,,,,
20240605T152902.000Z,15000096,duoShowdown,Stormy Plains,ranked,duoShowdown,,,1.0,9.0,,,,,,,#QJ092J8CU,bob,16000002.0,BULL,5.0,300.0,#UU9GRQQL9,drrat,16000029.0,BEA,9.0,330.0,,,,,,,,,,,,,,,,,,
20240605T152729.000Z,15000096,duoShowdown,Stormy Plains,ranked,duoShowdown,,,4.0,-3.0,,,,,,,#QJ092J8CU,bob,16000002.0,BULL,5.0,303.0,#QV928LYUL,Chris,16000015.0,PIPER,6.0,256.0,,,,,,,,,,,,,,,,,,
20240605T152437.000Z,15000096,duoShowdown,Stormy Plains,ranked,duoShowdown,,,1.0,9.0,,,,,,,#QJ092J8CU,bob,16000076.0,KIT,9.0,212.0,#CQ2RYQQU,Jade,16000008.0,NITA,7.0,241.0,,,,,,,,,,,,,,,,,,
20240605T152347.000Z,15000096,duoShowdown,Stormy Plains,ranked,duoShowdown,,,4.0,-2.0,,,,,,,#CQ2RYQQU,Jade,16000008.0,NITA,7.0,243.0,#QJ092J8CU,bob,16000076.0,KIT,9.0,214.0,,,,,,,,,,,,,,,,,,
20240605T152208.000Z,15000096,duoShowdown,Stormy Plains,ranked,duoShowdown,,,2.0,7.0,,,,,,,#QJ092J8CU,bob,16000076.0,KIT,9.0,207.0,#22UJU2YJV2,djuliann,16000021.0,GENE,6.0,202.0,,,,,,,,,,,,,,,,,,
20240605T152043.000Z,15000096,duoShowdown,Stormy Plains,ranked,duoShowdown,,,5.0,-3.0,,,,,,,#R9YVJ9JJ2,Hubert,16000020.0,FRANK,6.0,225.0,#QJ092J8CU,bob,16000076.0,KIT,9.0,210.0,,,,,,,,,,,,,,,,,,
20240605T151049.000Z,15000095,soloShowdown,Stormy Plains,ranked,soloShowdown,,,1.0,10.0,,,,,,,,,,,,,,,,,,,,,,,,,,,,,,,,,,,,
20240605T151017.000Z,15000095,soloShowdown,Stormy Plains,ranked,soloShowdown,,,10.0,-3.0,,,,,,,,,,,,,,,,,,,,,,,,,,,,,,,,,,,,
20240605T150834.000Z,15000095,soloShowdown,Stormy Plains,ranked,soloShowdown,,,5.0,3.0,,,,,,,,,,,,,,,,,,,,,,,,,,,,,,,,,,,,
20240605T150730.000Z,15000095,soloShowdown,Stormy Plains,ranked,soloShowdown,,,2.0,8.0,,,,,,,,,,,,,,,,,,,,,,,,,,,,,,,,,,,,
20240605T150711.000Z,15000095,soloShowdown,Stormy Plains,ranked,soloShowdown,,,9.0,-2.0,,,,,,,,,,,,,,,,,,,,,,,,,,,,,,,,,,,,
20240605T150648.000Z,15000095,soloShowdown,Stormy Plains,ranked,soloShowdown,,,4.0,7.0,,,,,,,,,,,,,,,,,,,,,,,,,,,,,,,,,,,,
20240605T150254.000Z,15000095,soloShowdown,Stormy Plains,ranked,soloShowdown,,,1.0,10.0,,,,,,,,,,,,,,,,,,,,,,,,,,,,,,,,,,,,
20240605T150137.000Z,15000095,soloShowdown,Stormy Plains,ranked,soloShowdown,,,7.0,,,,,,,,,,,,,,,,,,,,,,,,,,,,,,,,,,,,,
20240605T150044.000Z,15000095,soloShowdown,Stormy Plains,ranked,soloShowdown,,,5.0,3.0,,,,,,,,,,,,,,,,,,,,,,,,,,,,,,,,,,,,
20240605T145906.000Z,15000095,soloShowdown,Stormy Plains,ranked,soloShowdown,,,4.0,7.0,,,,,,,,,,,,,,,,,,,,,,,,,,,,,,,,,,,,
20240529T233717.000Z,15000293,hotZone,Parallel Plays,ranked,hotZone,victory,89.0,,8.0,#V2CGP0YG,Ï≤®Ïï§Îã§Í∑∏Îûò,16000003.0,BROCK,6.0,222.0,#QJ092J8CU,bob,16000016.0,PAM,5.0,166.0,#PQVCJLQR,Bladesbh,16000012.0,CROW,9.0,261.0,#GGQQLJRVL,Jordi2992,16000045.0,STU,5.0,270.0,,,,,,,,,,,,
20240529T233511.000Z,15000293,hotZone,Parallel Plays,ranked,hotZone,defeat,101.0,,-2.0,#GRY2QCQV0,angel,16000020.0,FRANK,9.0,159.0,#UG2JQ0PJY,SamuelM197,16000027.0,8-BIT,5.0,104.0,#CJCVLJVQG,Mr.Trax110,16000007.0,JESSIE,4.0,179.0,#QJ092J8CU,bob,16000016.0,PAM,5.0,168.0,,,,,,,,,,,,
20241223T025914.000Z,15000115,gemGrab,Double Swoosh,soloRanked,gemGrab,victory,130.0,,,#LV9QQLR08,nguyentran,16000047.0,SQUEAK,9.0,5.0,#PCYJ98CGG,fanh,16000053.0,LOLA,11.0,5.0,#QJ092J8CU,bob,16000008.0,NITA,11.0,4.0,#LV9QQLR08,nguyentran,16000047.0,SQUEAK,9.0,5.0,,,,,,,,,,,,
20241223T025603.000Z,15000011,gemGrab,Undermine,soloRanked,gemGrab,victory,92.0,,,#LV9QQLR08,nguyentran,16000049.0,BUZZ,9.0,5.0,#LV9QQLR08,nguyentran,16000049.0,BUZZ,9.0,5.0,#QJ092J8CU,bob,16000010.0,EL PRIMO,11.0,3.0,#C0GQUP908,F√©lix 98,16000043.0,EDGAR,11.0,5.0,,,,,,,,,,,,
20241223T025330.000Z,15000115,gemGrab,Double Swoosh,soloRanked,gemGrab,defeat,83.0,,,#2Q2VY0V9Y2,pringle lover,16000020.0,FRANK,11.0,4.0,#QJ092J8CU,bob,16000005.0,SPIKE,11.0,3.0,#LV9QQLR08,nguyentran,16000011.0,MORTIS,9.0,5.0,#2LYGRUYRR0,liam,16000010.0,EL PRIMO,11.0,5.0,,,,,,,,,,,,
20241223T025115.000Z,15000053,heist,Hot Potato,soloRanked,heist,victory,67.0,,,#QJ092J8CU,bob,16000007.0,JESSIE,11.0,3.0,#28UQYVJ29P,beekeeper,16000004.0,RICO,9.0,4.0,#QJ092J8CU,bob,16000007.0,JESSIE,11.0,3.0,#LV9QQLR08,nguyentran,16000009.0,DYNAMIKE,9.0,5.0,,,,,,,,,,,,
20241223T024924.000Z,15000053,heist,Hot Potato,soloRanked,heist,defeat,63.0,,,#90C8YG2UQ,Andresitotruste,16000007.0,JESSIE,11.0,5.0,#QJ092J8CU,bob,16000007.0,JESSIE,11.0,3.0,#LV9QQLR08,nguyentran,16000011.0,MORTIS,9.0,5.0,#2G0QJCJUGR,sebas,16000050.0,GRIFF,9.0,5.0,,,,,,,,,,,,
20241223T024737.000Z,15000011,gemGrab,Undermine,soloRanked,gemGrab,defeat,93.0,,,#LGGJ0CLVU,Esteban didoü§†,16000049.0,BUZZ,11.0,4.0,#QJ092J8CU,bob,16000005.0,SPIKE,11.0,3.0,#LV9QQLR08,nguyentran,16000048.0,GROM,9.0,5.0,#2QRUVYUYGP,Ethan,16000007.0,JESSIE,9.0,5.0,,,,,,,,,,,,
20241223T024514.000Z,15000293,hotZone,Parallel Plays,soloRanked,hotZone,victory,78.0,,,#G9JPY2YVL,Eric(trains),16000009.0,DYNAMIKE,11.0,5.0,#QJ092J8CU,bob,16000005.0,SPIKE,11.0,3.0,#LV9QQLR08,nguyentran,16000034.0,JACKY,10.0,5.0,#2Q2GGRLQYL,RochePlate,16000022.0,TICK,11.0,5.0,,,,,,,,,,,,
20241223T024313.000Z,15000548,knockout,Out in the Open,soloRanked,knockout,defeat,91.0,,,#9JGLCQQ9,FernandoGg,16000015.0,PIPER,11.0,5.0,#2LG9Y0RPQG,heypersonic OG,16000043.0,EDGAR,11.0,5.0,#QJ092J8CU,bob,16000007.0,JESSIE,11.0,3.0,#LV9QQLR08,nguyentran,16000009.0,DYNAMIKE,9.0,5.0,,,,,,,,,,,,
20241223T024043.000Z,15000548,knockout,Out in the Open,soloRanked,knockout,victory,120.0,,,#P0YJVJ22,DarwinENica,16000048.0,GROM,11.0,4.0,#QJ092J8CU,bob,16000005.0,SPIKE,11.0,2.0,#LV9QQLR08,nguyentran,16000001.0,COLT,10.0,5.0,#92JUJ8C28,Champp,16000039.0,COLETTE,11.0,5.0,,,,,,,,,,,,
20241223T023658.000Z,15000004,bounty,Snake Prairie,soloRanked,bounty,victory,75.0,,,#QJ092J8CU,bob,16000000.0,SHELLY,11.0,2.0,#GL82YR9C8,RIP_JESUS_V,16000043.0,EDGAR,11.0,5.0,#QJ092J8CU,bob,16000000.0,SHELLY,11.0,2.0,#LV9QQLR08,nguyentran,16000024.0,ROSA,9.0,5.0,,,,,,,,,,,,
20241223T023444.000Z,15000306,hotZone,Dueling Beetles,soloRanked,hotZone,defeat,112.0,,,#LV9QQLR08,nguyentran,16000009.0,DYNAMIKE,9.0,5.0,#QJ092J8CU,bob,16000005.0,SPIKE,11.0,2.0,#LV9QQLR08,nguyentran,16000009.0,DYNAMIKE,9.0,5.0,#2LUVQJUU9G,chetito,16000027.0,8-BIT,11.0,5.0,,,,,,,,,,,,
20241223T023156.000Z,15000115,gemGrab,Double Swoosh,soloRanked,gemGrab,defeat,109.0,,,#28GJ9CL9CU,charles,16000009.0,DYNAMIKE,11.0,5.0,#QJ092J8CU,bob,16000008.0,NITA,11.0,2.0,#LV9QQLR08,nguyentran,16000009.0,DYNAMIKE,9.0,5.0,#28GL0LLLYC,p!mpth3mout_br1,16000020.0,FRANK,11.0,6.0,,,,,,,,,,,,
20241223T022910.000Z,15000004,bounty,Snake Prairie,soloRanked,bounty,victory,54.0,,,#LV9QQLR08,nguyentran,16000024.0,ROSA,9.0,5.0,#QJ092J8CU,bob,16000000.0,SHELLY,11.0,2.0,#LV9QQLR08,nguyentran,16000024.0,ROSA,9.0,5.0,#PV9CCLV9V,444hello kitty,16000030.0,EMZ,11.0,4.0,,,,,,,,,,,,
20241223T022725.000Z,15000115,gemGrab,Double Swoosh,soloRanked,gemGrab,defeat,83.0,,,#L82PVJG9U,Ash,16000007.0,JESSIE,11.0,5.0,#QJ092J8CU,bob,16000007.0,JESSIE,11.0,2.0,#LV9QQLR08,nguyentran,16000043.0,EDGAR,10.0,5.0,#P0G0PC28G,‚ò†Ô∏è‚ò†Ô∏èZOMBER‚ò†Ô∏è‚ò†Ô∏è,16000009.0,DYNAMIKE,11.0,5.0,,,,,,,,,,,,
20241223T022511.000Z,15000050,brawlBall,Sneaky Fields,soloRanked,brawlBall,defeat,75.0,,,#2YYGPP9GGR,caspian,16000063.0,CHESTER,11.0,5.0,#PQ89YQR8J,diegoxx8x,16000035.0,GALE,10.0,5.0,#QJ092J8CU,bob,16000005.0,SPIKE,11.0,2.0,#LV9QQLR08,nguyentran,16000034.0,JACKY,10.0,5.0,,,,,,,,,,,,
20241223T022249.000Z,15000072,heist,Bridge Too Far,soloRanked,heist,victory,131.0,,,#LV9QQLR08,nguyentran,16000015.0,PIPER,9.0,5.0,#QJ092J8CU,bob,16000007.0,JESSIE,11.0,1.0,#LV9QQLR08,nguyentran,16000015.0,PIPER,9.0,5.0,#2289VRRGVY,BroadestFox40,16000045.0,STU,11.0,5.0,,,,,,,,,,,,
20241223T021952.000Z,15000293,hotZone,Parallel Plays,soloRanked,hotZone,victory,77.0,,,#LV9QQLR08,nguyentran,16000034.0,JACKY,10.0,4.0,#GUPP0VRY2,mati233,16000070.0,CORDELIUS,10.0,4.0,#QJ092J8CU,bob,16000005.0,SPIKE,11.0,1.0,#LV9QQLR08,nguyentran,16000034.0,JACKY,10.0,4.0,,,,,,,,,,,,
20241223T021750.000Z,15000004,bounty,Snake Prairie,soloRanked,bounty,defeat,50.0,,,#PP2PY8C2R,sillyheff,16000002.0,BULL,9.0,4.0,#2GY8V8GJ9J,your done forüòà,16000014.0,BO,9.0,5.0,#QJ092J8CU,bob,16000007.0,JESSIE,11.0,1.0,#LV9QQLR08,nguyentran,16000042.0,BYRON,9.0,5.0,,,,,,,,,,,,
20241223T021600.000Z,15000118,brawlBall,Pinball Dreams,soloRanked,brawlBall,defeat,150.0,,,#928CCQCPQ,Tiktk:Nexus_bs1,16000009.0,DYNAMIKE,10.0,2.0,#QJ092J8CU,bob,16000000.0,SHELLY,11.0,1.0,#LV9QQLR08,nguyentran,16000003.0,BROCK,9.0,5.0,#22YPPCGGR,Chico Vengador,16000009.0,DYNAMIKE,11.0,5.0,,,,,,,,,,,,
20241223T021149.000Z,15000300,hotZone,Ring of Fire,soloRanked,hotZone,victory,112.0,,,#2LV0PLP8G,connorli,16000041.0,LOU,11.0,1.0,#QJ092J8CU,bob,16000007.0,JESSIE,11.0,1.0,#LV9QQLR08,nguyentran,16000035.0,GALE,9.0,4.0,#2LV0PLP8G,connorli,16000041.0,LOU,11.0,1.0,,,,,,,,,,,,
20241223T020847.000Z,15000518,botDrop,Peekaboo,ranked,botDrop,victory,90.0,,,#2LV0PLP8G,connorli,16000026.0,BIBI,11.0,992.0,#QJ092J8CU,bob,16000007.0,JESSIE,11.0,380.0,#LV9QQLR08,nguyentran,16000005.0,SPIKE,9.0,457.0,#2LV0PLP8G,connorli,16000026.0,BIBI,11.0,992.0,,,,,,,,,,,,
20241223T020602.000Z,15000824,unknown,Divine Descent,ranked,siege,defeat,138.0,,,#YCYJR0UVC,üôèLe√≥nüôè,16000004.0,RICO,11.0,842.0,#QJ092J8CU,bob,16000088.0,BUZZ LIGHTYEAR,11.0,0.0,#2LV0PLP8G,connorli,16000007.0,JESSIE,11.0,644.0,#LV9QQLR08,nguyentran,16000020.0,FRANK,9.0,500.0,,,,,,,,,,,,
20241223T020238.000Z,15000748,paintBrawl,Rusty Rebound,ranked,gemGrab,defeat,46.0,,,#2VLP9QYGY,rob,16000076.0,KIT,1.0,79.0,#QJ092J8CU,bob,16000011.0,MORTIS,4.0,104.0,#LV9QQLR08,nguyentran,16000032.0,MAX,9.0,477.0,#2LV0PLP8G,connorli,16000026.0,BIBI,11.0,992.0,,,,,,,,,,,,
20241223T020058.000Z,15000514,botDrop,Quadrants,ranked,botDrop,victory,111.0,,,#2LV0PLP8G,connorli,16000026.0,BIBI,11.0,992.0,#2LV0PLP8G,connorli,16000026.0,BIBI,11.0,992.0,#QJ092J8CU,bob,16000007.0,JESSIE,11.0,380.0,#LV9QQLR08,nguyentran,16000005.0,SPIKE,9.0,457.0,,,,,,,,,,,,
20241223T015709.000Z,15000823,unknown,Afterpiece Arena,ranked,siege,victory,30.0,,,#LV9QQLR08,nguyentran,16000032.0,MAX,9.0,477.0,#QJ092J8CU,bob,16000007.0,JESSIE,11.0,380.0,#LV9QQLR08,nguyentran,16000032.0,MAX,9.0,477.0,#2LV0PLP8G,connorli,16000043.0,EDGAR,11.0,605.0,,,,,,,,,,,,
20241226T120006.000Z,15000885,brawlBall,Trickey,ranked,brawlBall,victory,61.0,,,#2GRC92V8PR,prof√≠k,16000018.0,DARRYL,1.0,17.0,#GUPR00JGU,NaHu:):),16000004.0,RICO,1.0,9.0,#QJ092J8CU,bob,16000067.0,WILLOW,1.0,15.0,#2GRC92V8PR,prof√≠k,16000018.0,DARRYL,1.0,17.0,,,,,,,,,,,,
20241226T115543.000Z,15000885,brawlBall,Trickey,ranked,brawlBall,victory,51.0,,12.0,#2GU9UC8882,–Ω–æ—Ä,16000018.0,DARRYL,2.0,94.0,#QJ092J8CU,bob,16000061.0,GUS,4.0,85.0,#2GU9UC8882,–Ω–æ—Ä,16000018.0,DARRYL,2.0,94.0,#2QU8PLPUC9,√ßaylak,16000041.0,LOU,2.0,90.0,,,,,,,,,,,,
20241226T115318.000Z,15000343,gemGrab,Rustic Arcade,ranked,gemGrab,victory,83.0,,11.0,#90CP0YG2V,üëëzamoüëëkingüëë,16000083.0,CLANCY,9.0,76.0,#90CP0YG2V,üëëzamoüëëkingüëë,16000083.0,CLANCY,9.0,76.0,#QJ092J8CU,bob,16000061.0,GUS,4.0,74.0,#2GR2UJYQPG,Money,16000008.0,NITA,4.0,75.0,,,,,,,,,,,,
20241226T115116.000Z,15000343,gemGrab,Rustic Arcade,ranked,gemGrab,victory,81.0,,10.0,#90CP0YG2V,üëëzamoüëëkingüëë,16000083.0,CLANCY,9.0,63.0,#2CR99LLCJ,Seb,16000000.0,SHELLY,6.0,63.0,#90CP0YG2V,üëëzamoüëëkingüëë,16000083.0,CLANCY,9.0,63.0,#QJ092J8CU,bob,16000061.0,GUS,4.0,64.0,,,,,,,,,,,,
20241226T114902.000Z,15000343,gemGrab,Rustic Arcade,ranked,gemGrab,victory,80.0,,9.0,#2QYU0QPRLG,MUGIWARA,16000013.0,POCO,6.0,55.0,#2QCUURCRUQ,–∂–∏–≤–æ—Ç–Ω–æ–µ,16000052.0,MEG,5.0,53.0,#2QYU0QPRLG,MUGIWARA,16000013.0,POCO,6.0,55.0,#QJ092J8CU,bob,16000061.0,GUS,4.0,55.0,,,,,,,,,,,,
20241226T114641.000Z,15000015,soloShowdown,Rockwall Brawl,ranked,soloShowdown,,,1.0,10.0,,,,,,,,,,,,,,,,,,,,,,,,,,,,,,,,,,,,
20241226T114433.000Z,15000015,soloShowdown,Rockwall Brawl,ranked,soloShowdown,,,1.0,13.0,,,,,,,,,,,,,,,,,,,,,,,,,,,,,,,,,,,,
20241226T114306.000Z,15000015,soloShowdown,Rockwall Brawl,ranked,soloShowdown,,,1.0,12.0,,,,,,,,,,,,,,,,,,,,,,,,,,,,,,,,,,,,
20241224T182819.000Z,15000046,duoShowdown,Island Invasion,ranked,duoShowdown,,,1.0,10.0,,,,,,,#90GUCUV,Mr. abcdefg,16000014.0,BO,9.0,500.0,#QJ092J8CU,bob,16000000.0,SHELLY,11.0,411.0,,,,,,,,,,,,,,,,,,
20241224T181806.000Z,15000046,duoShowdown,Island Invasion,ranked,duoShowdown,,,2.0,7.0,,,,,,,#QJ092J8CU,bob,16000000.0,SHELLY,11.0,404.0,#90GUCUV,Mr. abcdefg,16000002.0,BULL,9.0,500.0,,,,,,,,,,,,,,,,,,
