battle_time,event_id,player_brawler_name,event_mode,event_map,battle_type,battle_mode,battle_result,battle_duration,battle_rank,battle_trophy_change,star_player_tag,star_player_name,star_player_brawler_id,star_player_brawler_name,star_player_brawler_power,star_player_brawler_trophies,teammate_1_tag,teammate_1_name,teammate_1_brawler_id,teammate_1_brawler_name,teammate_1_brawler_power,teammate_1_brawler_trophies,teammate_2_tag,teammate_2_name,teammate_2_brawler_id,teammate_2_brawler_name,teammate_2_brawler_power,teammate_2_brawler_trophies,teammate_3_tag,teammate_3_name,teammate_3_brawler_id,teammate_3_brawler_name,teammate_3_brawler_power,teammate_3_brawler_trophies,teammate_4_tag,teammate_4_name,teammate_4_brawler_id,teammate_4_brawler_name,teammate_4_brawler_power,teammate_4_brawler_trophies,teammate_5_tag,teammate_5_name,teammate_5_brawler_id,teammate_5_brawler_name,teammate_5_brawler_power,teammate_5_brawler_trophies
20241115T044624.000Z,15000640,MELODIE,brawlBall5V5,Cool shapes,ranked,brawlBall,victory,116.0,,8.0,#GPCVQQ9C,Best Mortis NA,16000023.0,LEON,11.0,874.0,#GPCVQQ9C,Best Mortis NA,16000023.0,LEON,11.0,874.0,#2PJ8L02C9,Jimothy,16000001.0,COLT,10.0,496.0,#V2LLC89Q,SerialNonce,16000078.0,MELODIE,10.0,812.0,#VVLCP2UC,Yung Rice,16000004.0,RICO,11.0,654.0,#G2UG2LG82,Alexis,16000030.0,EMZ,11.0,807.0
20241115T044951.000Z,15000640,MELODIE,brawlBall5V5,Cool shapes,ranked,brawlBall,defeat,150.0,,-6.0,#YCY0YCV80,667|Trungzyy,16000011.0,MORTIS,11.0,895.0,#2PJ8L02C9,Jimothy,16000001.0,COLT,10.0,504.0,#V2LLC89Q,SerialNonce,16000078.0,MELODIE,10.0,820.0,#VVLCP2UC,Yung Rice,16000047.0,SQUEAK,11.0,750.0,#GPCVQQ9C,Best Mortis NA,16000023.0,LEON,11.0,882.0,#PUG2VYJ80,Abrahan Seloyo,16000026.0,BIBI,11.0,885.0
20241115T045235.000Z,15000640,CLANCY,brawlBall5V5,Cool shapes,ranked,brawlBall,defeat,36.0,,-2.0,#22QJGLG2Q,Martin,16000013.0,POCO,11.0,818.0,#2PJ8L02C9,Jimothy,16000001.0,COLT,10.0,501.0,#V2LLC89Q,SerialNonce,16000083.0,CLANCY,10.0,314.0,#VVLCP2UC,Yung Rice,16000043.0,EDGAR,11.0,803.0,#GPCVQQ9C,Best Mortis NA,16000054.0,FANG,11.0,849.0,#20QPVJJ2J2,Áâ°ÁæäÂ∫ß,16000015.0,PIPER,11.0,849.0
20241115T045511.000Z,15000640,MANDY,brawlBall5V5,Cool shapes,ranked,brawlBall,defeat,101.0,,-3.0,#2CLG8JGCU,bot 1,16000015.0,PIPER,11.0,957.0,#2PJ8L02C9,Jimothy,16000001.0,COLT,10.0,498.0,#V2LLC89Q,SerialNonce,16000065.0,MANDY,9.0,500.0,#VVLCP2UC,Yung Rice,16000003.0,BROCK,11.0,912.0,#GPCVQQ9C,Best Mortis NA,16000054.0,FANG,11.0,843.0,#22JCCJVCY,oder,16000035.0,GALE,11.0,969.0
20241115T045803.000Z,15000640,MANDY,brawlBall5V5,Cool shapes,ranked,brawlBall,victory,87.0,,8.0,#GPCVQQ9C,Best Mortis NA,16000005.0,SPIKE,11.0,740.0,#2PJ8L02C9,Jimothy,16000001.0,COLT,10.0,495.0,#VVLCP2UC,Yung Rice,16000004.0,RICO,11.0,662.0,#GPCVQQ9C,Best Mortis NA,16000005.0,SPIKE,11.0,740.0,#V2LLC89Q,SerialNonce,16000065.0,MANDY,9.0,497.0,#2LJGRGPUCG,cihanqmal05,16000022.0,TICK,8.0,756.0
20241115T050234.000Z,15000640,MANDY,brawlBall5V5,Cool shapes,ranked,brawlBall,draw,210.0,,,#GPCVQQ9C,Best Mortis NA,16000005.0,SPIKE,11.0,748.0,#2PJ8L02C9,Jimothy,16000001.0,COLT,10.0,503.0,#V2LLC89Q,SerialNonce,16000065.0,MANDY,9.0,505.0,#VVLCP2UC,Yung Rice,16000004.0,RICO,11.0,671.0,#GPCVQQ9C,Best Mortis NA,16000005.0,SPIKE,11.0,748.0,#2899G0Y2Q8,meneses,16000009.0,DYNAMIKE,11.0,759.0
20241115T050741.000Z,15000640,MANDY,brawlBall5V5,Cool shapes,ranked,brawlBall,defeat,93.0,,-3.0,#UQYU2RJR,XstarUwU,16000045.0,STU,11.0,699.0,#2PJ8L02C9,Jimothy,16000001.0,COLT,10.0,503.0,#V2LLC89Q,SerialNonce,16000065.0,MANDY,9.0,505.0,#VVLCP2UC,Yung Rice,16000049.0,BUZZ,11.0,716.0,#GPCVQQ9C,Best Mortis NA,16000005.0,SPIKE,11.0,748.0,#2QL020C2R8,tecaton,16000011.0,MORTIS,10.0,705.0
20241115T051127.000Z,15000640,MAISIE,brawlBall5V5,Cool shapes,ranked,brawlBall,defeat,150.0,,-3.0,#YQJ9UJC2,Willy,16000012.0,CROW,11.0,684.0,#2PJ8L02C9,Jimothy,16000001.0,COLT,10.0,500.0,#V2LLC89Q,SerialNonce,16000068.0,MAISIE,11.0,549.0,#VVLCP2UC,Yung Rice,16000010.0,EL PRIMO,10.0,701.0,#GPCVQQ9C,Best Mortis NA,16000065.0,MANDY,9.0,635.0,#8L9JYVY0V,craxkermfh,16000014.0,BO,9.0,710.0
20241115T051353.000Z,15000640,BIBI,brawlBall5V5,Cool shapes,ranked,brawlBall,victory,61.0,,8.0,#GPCVQQ9C,Best Mortis NA,16000032.0,MAX,11.0,766.0,#2PJ8L02C9,Jimothy,16000001.0,COLT,10.0,497.0,#V2LLC89Q,SerialNonce,16000026.0,BIBI,11.0,495.0,#VVLCP2UC,Yung Rice,16000010.0,EL PRIMO,10.0,696.0,#GPCVQQ9C,Best Mortis NA,16000032.0,MAX,11.0,766.0,#29P8Q89,Dillon,16000022.0,TICK,11.0,739.0
20241115T051852.000Z,15000640,BIBI,brawlBall5V5,Cool shapes,ranked,brawlBall,draw,210.0,,,#2QU28JJP8J,‚úùÔ∏èSO4L‚úùÔ∏è,16000038.0,SURGE,11.0,664.0,#2PJ8L02C9,Jimothy,16000001.0,COLT,10.0,505.0,#V2LLC89Q,SerialNonce,16000026.0,BIBI,11.0,503.0,#VVLCP2UC,Yung Rice,16000010.0,EL PRIMO,10.0,704.0,#GPCVQQ9C,Best Mortis NA,16000032.0,MAX,11.0,774.0,#8CU8PQC2J,TebattyellowüåÄ,16000047.0,SQUEAK,10.0,743.0
20241115T052313.000Z,15000640,LARRY & LAWRIE,brawlBall5V5,Cool shapes,ranked,brawlBall,victory,104.0,,8.0,#VVLCP2UC,Yung Rice,16000038.0,SURGE,11.0,453.0,#2PJ8L02C9,Jimothy,16000001.0,COLT,10.0,505.0,#V2LLC89Q,SerialNonce,16000077.0,LARRY & LAWRIE,9.0,319.0,#VVLCP2UC,Yung Rice,16000038.0,SURGE,11.0,453.0,#GPCVQQ9C,Best Mortis NA,16000012.0,CROW,9.0,490.0,#J2UQRRPYL,^‚Å†_‚Å†^,16000083.0,CLANCY,10.0,477.0
20241115T052620.000Z,15000640,LARRY & LAWRIE,brawlBall5V5,Cool shapes,ranked,brawlBall,victory,150.0,,9.0,#909YJ9LR8,krazykev,16000036.0,NANI,8.0,517.0,#G0JLJQGJP,jukjknkn,16000071.0,DOUG,9.0,502.0,#2PJ8L02C9,Jimothy,16000001.0,COLT,10.0,514.0,#V2LLC89Q,SerialNonce,16000077.0,LARRY & LAWRIE,9.0,327.0,#VVLCP2UC,Yung Rice,16000038.0,SURGE,11.0,461.0,#GPCVQQ9C,Best Mortis NA,16000012.0,CROW,9.0,498.0
20241115T052914.000Z,15000640,LARRY & LAWRIE,brawlBall5V5,Cool shapes,ranked,brawlBall,defeat,120.0,,-2.0,#2JU2QC8L2,‚òÑÔ∏èJEFF‚òÑÔ∏èüêâÿ£ÿ©ÿ¨,16000005.0,SPIKE,11.0,619.0,#2PJ8L02C9,Jimothy,16000001.0,COLT,10.0,524.0,#V2LLC89Q,SerialNonce,16000077.0,LARRY & LAWRIE,9.0,336.0,#VVLCP2UC,Yung Rice,16000015.0,PIPER,10.0,624.0,#GPCVQQ9C,Best Mortis NA,16000012.0,CROW,9.0,507.0,#YLJR2QCR,Kess95,16000046.0,BELLE,11.0,628.0
20241115T053140.000Z,15000640,POCO,brawlBall5V5,Cool shapes,ranked,brawlBall,victory,95.0,,8.0,#VYPVU90J,Wes,16000007.0,JESSIE,9.0,562.0,#2PJ8L02C9,Jimothy,16000001.0,COLT,10.0,521.0,#V2LLC89Q,SerialNonce,16000013.0,POCO,11.0,271.0,#VVLCP2UC,Yung Rice,16000028.0,SANDY,10.0,442.0,#GPCVQQ9C,Best Mortis NA,16000012.0,CROW,9.0,504.0,#VYPVU90J,Wes,16000007.0,JESSIE,9.0,562.0
20241115T053534.000Z,15000640,POCO,brawlBall5V5,Cool shapes,ranked,brawlBall,victory,150.0,,9.0,#28GPYPPC8P,tunegro,16000007.0,JESSIE,10.0,542.0,#2PJ8L02C9,Jimothy,16000001.0,COLT,10.0,529.0,#V2LLC89Q,SerialNonce,16000013.0,POCO,11.0,279.0,#VVLCP2UC,Yung Rice,16000028.0,SANDY,10.0,452.0,#GPCVQQ9C,Best Mortis NA,16000012.0,CROW,9.0,512.0,#9UPQ09PVQ,ALEXADER,16000054.0,FANG,11.0,480.0
20241115T053747.000Z,15000640,POCO,brawlBall5V5,Cool shapes,ranked,brawlBall,victory,102.0,,10.0,#GPCVQQ9C,Best Mortis NA,16000012.0,CROW,9.0,521.0,#2PJ8L02C9,Jimothy,16000001.0,COLT,10.0,538.0,#V2LLC89Q,SerialNonce,16000013.0,POCO,11.0,288.0,#VVLCP2UC,Yung Rice,16000028.0,SANDY,10.0,463.0,#GPCVQQ9C,Best Mortis NA,16000012.0,CROW,9.0,521.0,#2L2GLPPR,AREM,16000040.0,AMBER,11.0,516.0
20241115T054026.000Z,15000640,POCO,brawlBall5V5,Cool shapes,ranked,brawlBall,defeat,127.0,,-2.0,#GPCVQQ9C,Best Mortis NA,16000012.0,CROW,9.0,531.0,#2PJ8L02C9,Jimothy,16000001.0,COLT,10.0,548.0,#V2LLC89Q,SerialNonce,16000013.0,POCO,11.0,298.0,#VVLCP2UC,Yung Rice,16000028.0,SANDY,10.0,475.0,#GPCVQQ9C,Best Mortis NA,16000012.0,CROW,9.0,531.0,#28VLU0PVUQ,Oliver_XD,16000003.0,BROCK,9.0,526.0
20241117T090508.000Z,15000123,MELODIE,soloShowdown,Flying Fantasies,ranked,soloShowdown,,,3.0,6.0,,,,,,,,,,,,,,,,,,,,,,,,,,,,,,,,,,,,
20241117T090719.000Z,15000123,MELODIE,soloShowdown,Flying Fantasies,ranked,soloShowdown,,,3.0,7.0,,,,,,,,,,,,,,,,,,,,,,,,,,,,,,,,,,,,
20241117T202616.000Z,15000849,MELODIE,trioShowdown,Dark Passage,ranked,duoShowdown,,,3.0,,,,,,,,#9UQUJJCRQ,Ïä§ÌéÄÏßÄÎ∞•,16000064.0,GRAY,11.0,306.0,#V2LLC89Q,SerialNonce,16000078.0,MELODIE,10.0,827.0,#2PVY0Y920L,Xiao,16000043.0,EDGAR,9.0,532.0,,,,,,,,,,,,
20241117T202721.000Z,15000849,MELODIE,trioShowdown,Dark Passage,ranked,duoShowdown,,,1.0,,,,,,,,#RRUG0QP,David,16000000.0,SHELLY,9.0,500.0,#2QQ009RV02,EL REY,16000050.0,GRIFF,11.0,866.0,#V2LLC89Q,SerialNonce,16000078.0,MELODIE,10.0,827.0,,,,,,,,,,,,
20241117T203004.000Z,15000849,MELODIE,trioShowdown,Dark Passage,ranked,duoShowdown,,,1.0,,,,,,,,#2LUVYQYJ9,mein spike,16000043.0,EDGAR,10.0,602.0,#Y8Y9CRLLV,Chuckles555,16000003.0,BROCK,11.0,310.0,#V2LLC89Q,SerialNonce,16000078.0,MELODIE,10.0,827.0,,,,,,,,,,,,
20241117T203241.000Z,15000849,MELODIE,trioShowdown,Dark Passage,ranked,duoShowdown,,,1.0,,,,,,,,#2Y9CC0R88G,@Edward,16000004.0,RICO,11.0,692.0,#2PCRYJGVU,üî•The Jordanüëπ,16000015.0,PIPER,9.0,500.0,#V2LLC89Q,SerialNonce,16000078.0,MELODIE,10.0,827.0,,,,,,,,,,,,
20241118T172007.000Z,15000849,MELODIE,trioShowdown,Dark Passage,ranked,duoShowdown,,,4.0,,,,,,,,#V2LLC89Q,SerialNonce,16000078.0,MELODIE,10.0,827.0,#282LRJ8YL9,manny,16000021.0,GENE,10.0,200.0,#P9V9YQ90U,willy12,16000030.0,EMZ,11.0,592.0,,,,,,,,,,,,
20241118T172215.000Z,15000827,MELODIE,unknown,Infernal Invasion,ranked,siege,victory,138.0,,10.0,#92R9VVVC0,Arkan,16000019.0,PENNY,11.0,848.0,#92R9VVVC0,Arkan,16000019.0,PENNY,11.0,848.0,#V2LLC89Q,SerialNonce,16000078.0,MELODIE,10.0,827.0,#990YYPY,alphaqu,16000022.0,TICK,11.0,890.0,,,,,,,,,,,,
20241119T205617.000Z,15000228,MELODIE,soloShowdown,Safety Center,ranked,soloShowdown,,,5.0,2.0,,,,,,,,,,,,,,,,,,,,,,,,,,,,,,,,,,,,
20241119T205801.000Z,15000228,MELODIE,soloShowdown,Safety Center,ranked,soloShowdown,,,7.0,-2.0,,,,,,,,,,,,,,,,,,,,,,,,,,,,,,,,,,,,
20241121T025754.000Z,15000013,MELODIE,soloShowdown,Skull Creek,ranked,soloShowdown,,,2.0,8.0,,,,,,,,,,,,,,,,,,,,,,,,,,,,,,,,,,,,
20241121T234642.000Z,15000827,MELODIE,unknown,Infernal Invasion,ranked,siege,defeat,142.0,,,#2QUY9VYPUY,max,16000087.0,JUJU,10.0,300.0,#9JUG22G8G,puppy master,16000035.0,GALE,11.0,458.0,#2Y9U8RLCR9,üíïArelyüíï,16000085.0,KENJI,10.0,260.0,#V2LLC89Q,SerialNonce,16000078.0,MELODIE,10.0,845.0,,,,,,,,,,,,
20241123T210914.000Z,15000820,MELODIE,unknown,Broiler Room,ranked,siege,defeat,63.0,,,#92PG2CQ,Yahir Lupian,16000004.0,RICO,11.0,616.0,#C8YCPUYG8,juan jose,16000008.0,NITA,8.0,251.0,#LVG2GUPG9,chefsito,16000003.0,BROCK,11.0,750.0,#V2LLC89Q,SerialNonce,16000078.0,MELODIE,10.0,845.0,,,,,,,,,,,,
20241123T211037.000Z,15000820,MELODIE,unknown,Broiler Room,ranked,siege,victory,61.0,,,#V2LLC89Q,SerialNonce,16000078.0,MELODIE,10.0,845.0,#V2LLC89Q,SerialNonce,16000078.0,MELODIE,10.0,845.0,#2V9CU2PCC,–ú–∞–∫—Å,16000005.0,SPIKE,11.0,777.0,#R8JG0GU2,podock,16000009.0,DYNAMIKE,11.0,510.0,,,,,,,,,,,,
20241123T211248.000Z,15000820,MELODIE,unknown,Broiler Room,ranked,siege,defeat,91.0,,,#8R89GYPQ,the skill ful,16000023.0,LEON,11.0,674.0,#29UJLC0JP,:Dabüòéü§ë,16000001.0,COLT,9.0,432.0,#9G0VRU992,—Ç–∏–º—É—Ä,16000045.0,STU,8.0,303.0,#V2LLC89Q,SerialNonce,16000078.0,MELODIE,10.0,845.0,,,,,,,,,,,,
20241123T211456.000Z,15000820,MELODIE,unknown,Broiler Room,ranked,siege,victory,96.0,,,#V2LLC89Q,SerialNonce,16000078.0,MELODIE,10.0,845.0,#CUPCPYCR,Urigotica,16000001.0,COLT,10.0,534.0,#V2LLC89Q,SerialNonce,16000078.0,MELODIE,10.0,845.0,#298CPV98YC,ElBravoBro,16000007.0,JESSIE,11.0,428.0,,,,,,,,,,,,
20241125T164406.000Z,15000796,MELODIE,trioShowdown,Ring 'o Brawlin,ranked,duoShowdown,,,1.0,,,,,,,,#V2LLC89Q,SerialNonce,16000078.0,MELODIE,10.0,845.0,#2LYPCULY0R,JARLIN2.0,16000014.0,BO,7.0,354.0,#2QLL89C0UL,wimixx.b,16000030.0,EMZ,11.0,861.0,,,,,,,,,,,,
20241125T164656.000Z,15000796,MELODIE,trioShowdown,Ring 'o Brawlin,ranked,duoShowdown,,,3.0,,,,,,,,#V2LLC89Q,SerialNonce,16000078.0,MELODIE,10.0,845.0,#8GQRVLYGR,Logor,16000001.0,COLT,11.0,418.0,#G0VL08LJL,„ÄéùôπùöÑùô∞ùôΩ„Äè‰πà,16000012.0,CROW,11.0,462.0,,,,,,,,,,,,
20241125T165050.000Z,15000796,MELODIE,trioShowdown,Ring 'o Brawlin,ranked,duoShowdown,,,2.0,,,,,,,,#G8L0C8C20,armando,16000087.0,JUJU,7.0,75.0,#V2LLC89Q,SerialNonce,16000078.0,MELODIE,10.0,845.0,#209UV889L9,Andrewyeah17,16000023.0,LEON,11.0,819.0,,,,,,,,,,,,
20241125T165050.000Z,15000796,MELODIE,trioShowdown,Ring 'o Brawlin,ranked,duoShowdown,,,2.0,,,,,,,,#G8L0C8C20,armando,16000087.0,JUJU,7.0,75.0,#V2LLC89Q,SerialNonce,16000078.0,MELODIE,10.0,845.0,#209UV889L9,mi pito es tull,16000023.0,LEON,11.0,819.0,,,,,,,,,,,,
20241125T165257.000Z,15000796,MELODIE,trioShowdown,Ring 'o Brawlin,ranked,duoShowdown,,,1.0,,,,,,,,#298U98R20L,INSANO_GOLOSO,16000085.0,KENJI,8.0,50.0,#GC9CUC808,MS|Fang,16000026.0,BIBI,11.0,730.0,#V2LLC89Q,SerialNonce,16000078.0,MELODIE,10.0,845.0,,,,,,,,,,,,
20241126T023200.000Z,15000796,MELODIE,trioShowdown,Ring 'o Brawlin,ranked,duoShowdown,,,2.0,,,,,,,,#V2LLC89Q,SerialNonce,16000078.0,MELODIE,10.0,845.0,#298RG0URQ,„Ää¬§¬•Henpro¬•¬§„Äã,16000014.0,BO,11.0,611.0,#2LP9CQGVR9,XT|Soffüíö,16000004.0,RICO,10.0,394.0,,,,,,,,,,,,
20241126T024103.000Z,15000016,MELODIE,soloShowdown,Feast or Famine,ranked,soloShowdown,,,6.0,-1.0,,,,,,,,,,,,,,,,,,,,,,,,,,,,,,,,,,,,
20241126T221826.000Z,15000796,MELODIE,trioShowdown,Ring 'o Brawlin,ranked,duoShowdown,,,3.0,,,,,,,,#YQ880R02,Owen,16000000.0,SHELLY,8.0,265.0,#V2LLC89Q,SerialNonce,16000078.0,MELODIE,10.0,844.0,#28LQP9QGRL,TITOU‚ù§Ô∏è‚ù§Ô∏è,16000031.0,MR. P,8.0,36.0,,,,,,,,,,,,
20241126T222054.000Z,15000796,MELODIE,trioShowdown,Ring 'o Brawlin,ranked,duoShowdown,,,3.0,,,,,,,,#29082PCQJ,altante,16000017.0,TARA,10.0,21.0,#V2LLC89Q,SerialNonce,16000078.0,MELODIE,10.0,844.0,#928P98GVV,‚úûùîâùìáùìÉ‚Ñí‚úû,16000017.0,TARA,9.0,554.0,,,,,,,,,,,,
20241126T222339.000Z,15000796,MELODIE,trioShowdown,Ring 'o Brawlin,ranked,duoShowdown,,,2.0,,,,,,,,#GJJU2U0YC,zekeDaFreak,16000035.0,GALE,11.0,213.0,#2L8PRPUJJV,Dino123,16000015.0,PIPER,8.0,198.0,#V2LLC89Q,SerialNonce,16000078.0,MELODIE,10.0,844.0,,,,,,,,,,,,
20241127T165410.000Z,15000025,BIBI,brawlBall,Triple Dribble,soloRanked,brawlBall,defeat,170.0,,,#VUPRUUCR,i luv fent,16000006.0,BARLEY,9.0,8.0,#UURYRGP2,ThotMan123,16000020.0,FRANK,11.0,4.0,#V2LLC89Q,SerialNonce,16000026.0,BIBI,11.0,8.0,#VUPRUUCR,i luv fent,16000006.0,BARLEY,9.0,8.0,,,,,,,,,,,,
20241127T165659.000Z,15000022,MAISIE,bounty,Hideout,soloRanked,bounty,defeat,120.0,,,#2QJRRQV2Q0,Ethan‚úùÔ∏è,16000030.0,EMZ,11.0,8.0,#RY0QG09CL,ü•≠mango,16000032.0,MAX,11.0,8.0,#UURYRGP2,ThotMan123,16000020.0,FRANK,11.0,4.0,#V2LLC89Q,SerialNonce,16000068.0,MAISIE,11.0,8.0,,,,,,,,,,,,
20241127T170003.000Z,15000292,POCO,hotZone,Open Business,soloRanked,hotZone,defeat,141.0,,,#2LCLLRCLV9,RizzyGlizzy,16000009.0,DYNAMIKE,11.0,7.0,#JJULURRCJ,Lafercha,16000022.0,TICK,9.0,7.0,#UURYRGP2,ThotMan123,16000020.0,FRANK,11.0,4.0,#V2LLC89Q,SerialNonce,16000013.0,POCO,11.0,7.0,,,,,,,,,,,,
20241127T170214.000Z,15000018,MELODIE,heist,Kaboom Canyon,soloRanked,heist,defeat,76.0,,,#2QVYJQ0P0G,brawler XD,16000010.0,EL PRIMO,9.0,7.0,#UURYRGP2,ThotMan123,16000000.0,SHELLY,11.0,4.0,#V2LLC89Q,SerialNonce,16000078.0,MELODIE,10.0,7.0,#2QVYJQ0P0G,brawler XD,16000010.0,EL PRIMO,9.0,7.0,,,,,,,,,,,,
20241127T170449.000Z,15000300,MAISIE,hotZone,Ring of Fire,soloRanked,hotZone,defeat,110.0,,,#V2LLC89Q,SerialNonce,16000068.0,MAISIE,11.0,7.0,#9CY2V82G2,ratoolie,16000001.0,COLT,10.0,7.0,#V2LLC89Q,SerialNonce,16000068.0,MAISIE,11.0,7.0,#UURYRGP2,ThotMan123,16000020.0,FRANK,11.0,4.0,,,,,,,,,,,,
20241127T170806.000Z,15000132,COLETTE,brawlBall,Center Stage,soloRanked,brawlBall,defeat,150.0,,,#GCU98JYVL,surge,16000018.0,DARRYL,9.0,7.0,#UURYRGP2,ThotMan123,16000000.0,SHELLY,11.0,4.0,#V2LLC89Q,SerialNonce,16000039.0,COLETTE,11.0,7.0,#8Y0RPLLGG,KevLex,16000044.0,RUFFS,10.0,7.0,,,,,,,,,,,,
20241127T171008.000Z,15000046,DOUG,duoShowdown,Island Invasion,ranked,duoShowdown,,,1.0,9.0,,,,,,,#UURYRGP2,ThotMan123,16000030.0,EMZ,4.0,11.0,#V2LLC89Q,SerialNonce,16000071.0,DOUG,5.0,0.0,,,,,,,,,,,,,,,,,,
20241127T171141.000Z,15000046,DOUG,duoShowdown,Island Invasion,ranked,duoShowdown,,,1.0,10.0,,,,,,,#UURYRGP2,ThotMan123,16000030.0,EMZ,4.0,20.0,#V2LLC89Q,SerialNonce,16000071.0,DOUG,5.0,9.0,,,,,,,,,,,,,,,,,,
20241127T171341.000Z,15000046,DOUG,duoShowdown,Island Invasion,ranked,duoShowdown,,,1.0,11.0,,,,,,,#UURYRGP2,ThotMan123,16000029.0,BEA,1.0,0.0,#V2LLC89Q,SerialNonce,16000071.0,DOUG,5.0,19.0,,,,,,,,,,,,,,,,,,
20241127T171527.000Z,15000046,DOUG,duoShowdown,Island Invasion,ranked,duoShowdown,,,1.0,12.0,,,,,,,#UURYRGP2,ThotMan123,16000029.0,BEA,1.0,9.0,#V2LLC89Q,SerialNonce,16000071.0,DOUG,5.0,30.0,,,,,,,,,,,,,,,,,,
20241127T171717.000Z,15000046,DOUG,duoShowdown,Island Invasion,ranked,duoShowdown,,,1.0,13.0,,,,,,,#UURYRGP2,ThotMan123,16000029.0,BEA,1.0,19.0,#V2LLC89Q,SerialNonce,16000071.0,DOUG,5.0,42.0,,,,,,,,,,,,,,,,,,
20241127T171942.000Z,15000046,DOUG,duoShowdown,Island Invasion,ranked,duoShowdown,,,1.0,14.0,,,,,,,#UURYRGP2,ThotMan123,16000029.0,BEA,1.0,30.0,#V2LLC89Q,SerialNonce,16000071.0,DOUG,5.0,55.0,,,,,,,,,,,,,,,,,,
20241127T172156.000Z,15000046,DOUG,duoShowdown,Island Invasion,ranked,duoShowdown,,,1.0,14.0,,,,,,,#UURYRGP2,ThotMan123,16000029.0,BEA,1.0,42.0,#V2LLC89Q,SerialNonce,16000071.0,DOUG,5.0,69.0,,,,,,,,,,,,,,,,,,
20241127T172407.000Z,15000072,MANDY,heist,Bridge Too Far,soloRanked,heist,victory,67.0,,,#2LLRLLGQ28,edgar e colette,16000043.0,EDGAR,11.0,7.0,#2LLRLLGQ28,edgar e colette,16000043.0,EDGAR,11.0,7.0,#UURYRGP2,ThotMan123,16000020.0,FRANK,11.0,4.0,#V2LLC89Q,SerialNonce,16000065.0,MANDY,9.0,7.0,,,,,,,,,,,,
20241127T172615.000Z,15000050,MELODIE,brawlBall,Sneaky Fields,soloRanked,brawlBall,victory,58.0,,,#UURYRGP2,ThotMan123,16000020.0,FRANK,11.0,4.0,#UURYRGP2,ThotMan123,16000020.0,FRANK,11.0,4.0,#V2LLC89Q,SerialNonce,16000078.0,MELODIE,10.0,7.0,#Y22PUL9G9,Alex‚ò£Ô∏è‚Åπ‚Åπ‚Åπ,16000028.0,SANDY,11.0,7.0,,,,,,,,,,,,
20241127T172913.000Z,15000050,MELODIE,brawlBall,Sneaky Fields,soloRanked,brawlBall,victory,75.0,,,#UURYRGP2,ThotMan123,16000000.0,SHELLY,11.0,4.0,#UURYRGP2,ThotMan123,16000000.0,SHELLY,11.0,4.0,#V2LLC89Q,SerialNonce,16000078.0,MELODIE,10.0,7.0,#808YQQC,Cabra Loca,16000045.0,STU,9.0,7.0,,,,,,,,,,,,
20241127T173150.000Z,15000300,MAISIE,hotZone,Ring of Fire,soloRanked,hotZone,defeat,96.0,,,#2QLQGU28LP,birbo300,16000027.0,8-BIT,9.0,4.0,#UURYRGP2,ThotMan123,16000000.0,SHELLY,11.0,5.0,#V2LLC89Q,SerialNonce,16000068.0,MAISIE,11.0,8.0,#2PQQG8UCC2,servando,16000003.0,BROCK,10.0,8.0,,,,,,,,,,,,
20241127T173431.000Z,15000115,DYNAMIKE,gemGrab,Double Swoosh,soloRanked,gemGrab,defeat,102.0,,,#2LLGG9QLPU,Messi10,16000026.0,BIBI,11.0,7.0,#UURYRGP2,ThotMan123,16000000.0,SHELLY,11.0,5.0,#V2LLC89Q,SerialNonce,16000009.0,DYNAMIKE,11.0,7.0,#2298LCV9GU,Storm,16000005.0,SPIKE,11.0,7.0,,,,,,,,,,,,
20241127T173743.000Z,15000019,MANDY,heist,Safe Zone,soloRanked,heist,defeat,150.0,,,#V2LLC89Q,SerialNonce,16000065.0,MANDY,9.0,7.0,#22L9CP0982,skibidislicerz,16000009.0,DYNAMIKE,11.0,7.0,#UURYRGP2,ThotMan123,16000000.0,SHELLY,11.0,5.0,#V2LLC89Q,SerialNonce,16000065.0,MANDY,9.0,7.0,,,,,,,,,,,,
20241127T174015.000Z,15000022,MELODIE,bounty,Hideout,soloRanked,bounty,victory,83.0,,,#UURYRGP2,ThotMan123,16000000.0,SHELLY,11.0,5.0,#228PYY89JU,stella,16000030.0,EMZ,9.0,7.0,#UURYRGP2,ThotMan123,16000000.0,SHELLY,11.0,5.0,#V2LLC89Q,SerialNonce,16000078.0,MELODIE,10.0,7.0,,,,,,,,,,,,
20241127T174229.000Z,15000007,COLETTE,gemGrab,Hard Rock Mine,soloRanked,gemGrab,defeat,82.0,,,#28RR2R8U9Q,roger,16000035.0,GALE,11.0,7.0,#UURYRGP2,ThotMan123,16000020.0,FRANK,11.0,5.0,#V2LLC89Q,SerialNonce,16000039.0,COLETTE,11.0,7.0,#2LP8JV2LUR,El toca toca,16000009.0,DYNAMIKE,11.0,7.0,,,,,,,,,,,,
20241127T174448.000Z,15000018,NITA,heist,Kaboom Canyon,soloRanked,heist,victory,59.0,,,#UURYRGP2,ThotMan123,16000000.0,SHELLY,11.0,5.0,#UURYRGP2,ThotMan123,16000000.0,SHELLY,11.0,5.0,#V2LLC89Q,SerialNonce,16000008.0,NITA,11.0,7.0,#2YRUVYCY98,i hate edgars,16000007.0,JESSIE,9.0,7.0,,,,,,,,,,,,
20241127T185502.000Z,15000796,DOUG,trioShowdown,Ring 'o Brawlin,ranked,duoShowdown,,,1.0,,,,,,,,#V2LLC89Q,SerialNonce,16000071.0,DOUG,5.0,83.0,#PQ80QPGR,squishy4478,16000000.0,SHELLY,10.0,428.0,#2LCVQ0G2V0,chickensad,16000015.0,PIPER,11.0,817.0,,,,,,,,,,,,
20241127T185733.000Z,15000796,DOUG,trioShowdown,Ring 'o Brawlin,ranked,duoShowdown,,,2.0,,,,,,,,#PRGQ0JYLJ,–±—ç–±—Ä–∏–∫,16000030.0,EMZ,11.0,847.0,#289ULJU0,Dario,16000030.0,EMZ,11.0,804.0,#V2LLC89Q,SerialNonce,16000071.0,DOUG,5.0,83.0,,,,,,,,,,,,
20241127T190012.000Z,15000796,DOUG,trioShowdown,Ring 'o Brawlin,ranked,duoShowdown,,,4.0,,,,,,,,#V2LLC89Q,SerialNonce,16000071.0,DOUG,5.0,83.0,#2RJ8G8VQ0,nemo,16000020.0,FRANK,11.0,617.0,#GJQJGGQ00,colt,16000085.0,KENJI,9.0,426.0,,,,,,,,,,,,
20241128T011332.000Z,15000700,PIPER,knockout5V5,Sizzling Chambers,ranked,knockout,victory,222.0,,8.0,#V2LLC89Q,SerialNonce,16000015.0,PIPER,8.0,302.0,#88P2VQPU,beethmonke,16000072.0,PEARL,7.0,186.0,#UC892RVG,akethini,16000032.0,MAX,8.0,210.0,#9JGRVLR9,Mr. Poori,16000040.0,AMBER,6.0,7.0,#V2LLC89Q,SerialNonce,16000015.0,PIPER,8.0,302.0,#U8R2LP9Q,LOLDANKMEMES,16000087.0,JUJU,7.0,236.0
20241128T012055.000Z,15000700,PIPER,knockout5V5,Sizzling Chambers,ranked,knockout,victory,331.0,,9.0,#UC892RVG,akethini,16000058.0,BONNIE,10.0,549.0,#88P2VQPU,beethmonke,16000041.0,LOU,7.0,18.0,#UC892RVG,akethini,16000058.0,BONNIE,10.0,549.0,#9JGRVLR9,Mr. Poori,16000040.0,AMBER,6.0,16.0,#U8R2LP9Q,LOLDANKMEMES,16000087.0,JUJU,7.0,249.0,#V2LLC89Q,SerialNonce,16000015.0,PIPER,8.0,310.0
20241128T012611.000Z,15000700,BYRON,knockout5V5,Sizzling Chambers,ranked,knockout,victory,217.0,,9.0,#9JGRVLR9,Mr. Poori,16000040.0,AMBER,6.0,26.0,#88P2VQPU,beethmonke,16000009.0,DYNAMIKE,6.0,254.0,#UC892RVG,akethini,16000058.0,BONNIE,10.0,557.0,#9JGRVLR9,Mr. Poori,16000040.0,AMBER,6.0,26.0,#U8R2LP9Q,LOLDANKMEMES,16000041.0,LOU,7.0,215.0,#V2LLC89Q,SerialNonce,16000042.0,BYRON,9.0,280.0
20241128T013212.000Z,15000700,LARRY & LAWRIE,knockout5V5,Sizzling Chambers,ranked,knockout,defeat,286.0,,-2.0,#U0LVU88GU,Graysonü•∂,16000022.0,TICK,9.0,497.0,#88P2VQPU,beethmonke,16000022.0,TICK,10.0,550.0,#UC892RVG,akethini,16000058.0,BONNIE,10.0,566.0,#9JGRVLR9,Mr. Poori,16000040.0,AMBER,6.0,37.0,#V2LLC89Q,SerialNonce,16000077.0,LARRY & LAWRIE,9.0,334.0,#U8R2LP9Q,LOLDANKMEMES,16000069.0,HANK,7.0,276.0
20241128T013926.000Z,15000700,MAISIE,knockout5V5,Sizzling Chambers,ranked,knockout,defeat,308.0,,-3.0,#20Y8GYV0LJ,ColtyCookie,16000068.0,MAISIE,8.0,567.0,#88P2VQPU,beethmonke,16000030.0,EMZ,10.0,417.0,#UC892RVG,akethini,16000058.0,BONNIE,10.0,563.0,#9JGRVLR9,Mr. Poori,16000021.0,GENE,7.0,526.0,#U8R2LP9Q,LOLDANKMEMES,16000061.0,GUS,9.0,574.0,#V2LLC89Q,SerialNonce,16000068.0,MAISIE,11.0,546.0
20241129T010312.000Z,15000367,DYNAMIKE,knockout,Goldarm Gulch,ranked,knockout,victory,45.0,,11.0,#YY2Y08YU0,mason,16000015.0,PIPER,11.0,316.0,#V2LLC89Q,SerialNonce,16000009.0,DYNAMIKE,11.0,375.0,#2QJUJQCY99,BigDawg#1,16000014.0,BO,6.0,350.0,#YY2Y08YU0,mason,16000015.0,PIPER,11.0,316.0,,,,,,,,,,,,
20241129T010557.000Z,15000367,DYNAMIKE,knockout,Goldarm Gulch,ranked,knockout,victory,134.0,,12.0,#V2LLC89Q,SerialNonce,16000009.0,DYNAMIKE,11.0,386.0,#2QJUJQCY99,BigDawg#1,16000014.0,BO,6.0,359.0,#V2LLC89Q,SerialNonce,16000009.0,DYNAMIKE,11.0,386.0,#2QLCVJLV2L,ALEX baseball‚Äô,16000020.0,FRANK,8.0,357.0,,,,,,,,,,,,
20241129T010945.000Z,15000123,MAX,soloShowdown,Flying Fantasies,ranked,soloShowdown,,,1.0,10.0,,,,,,,,,,,,,,,,,,,,,,,,,,,,,,,,,,,,
20241129T011112.000Z,15000123,MAX,soloShowdown,Flying Fantasies,ranked,soloShowdown,,,5.0,4.0,,,,,,,,,,,,,,,,,,,,,,,,,,,,,,,,,,,,
20241129T035711.000Z,15000123,MELODIE,soloShowdown,Flying Fantasies,ranked,soloShowdown,,,2.0,8.0,,,,,,,,,,,,,,,,,,,,,,,,,,,,,,,,,,,,
20241129T040425.000Z,15000123,MELODIE,soloShowdown,Flying Fantasies,ranked,soloShowdown,,,2.0,9.0,,,,,,,,,,,,,,,,,,,,,,,,,,,,,,,,,,,,
20241129T072722.000Z,15000123,MELODIE,soloShowdown,Flying Fantasies,ranked,soloShowdown,,,5.0,2.0,,,,,,,,,,,,,,,,,,,,,,,,,,,,,,,,,,,,
20241129T073104.000Z,15000124,MELODIE,duoShowdown,Flying Fantasies,ranked,duoShowdown,,,2.0,9.0,,,,,,,#UC892RVG,akethini,16000058.0,BONNIE,10.0,560.0,#V2LLC89Q,SerialNonce,16000078.0,MELODIE,10.0,863.0,,,,,,,,,,,,,,,,,,
20241129T073457.000Z,15000639,MAX,brawlBall5V5,Great waves,ranked,brawlBall,victory,29.0,,9.0,#9JGRVLR9,Mr. Poori,16000040.0,AMBER,6.0,37.0,#88P2VQPU,beethmonke,16000041.0,LOU,7.0,26.0,#UC892RVG,akethini,16000044.0,RUFFS,9.0,60.0,#9JGRVLR9,Mr. Poori,16000040.0,AMBER,6.0,37.0,#V2LLC89Q,SerialNonce,16000032.0,MAX,5.0,14.0,#2G9PJG8289,Didier ch5,16000027.0,8-BIT,1.0,17.0
20241129T073940.000Z,15000639,MAX,brawlBall5V5,Great waves,ranked,brawlBall,victory,89.0,,10.0,#UC892RVG,akethini,16000044.0,RUFFS,9.0,68.0,#88P2VQPU,beethmonke,16000041.0,LOU,7.0,35.0,#UC892RVG,akethini,16000044.0,RUFFS,9.0,68.0,#9JGRVLR9,Mr. Poori,16000040.0,AMBER,6.0,45.0,#V2LLC89Q,SerialNonce,16000032.0,MAX,5.0,23.0,#2QUR89R2U8,Doc,16000007.0,JESSIE,1.0,63.0
20241129T074347.000Z,15000639,POCO,brawlBall5V5,Great waves,ranked,brawlBall,defeat,150.0,,-2.0,#8J9UJCG9Y,Ponyo‚ô°,16000047.0,SQUEAK,11.0,546.0,#22R2RPR2P,kingcurry69,16000011.0,MORTIS,9.0,269.0,#V2LLC89Q,SerialNonce,16000013.0,POCO,11.0,296.0,#UC892RVG,akethini,16000058.0,BONNIE,10.0,567.0,#88P2VQPU,beethmonke,16000019.0,PENNY,7.0,273.0,#9JGRVLR9,Mr. Poori,16000046.0,BELLE,7.0,351.0
20241129T074649.000Z,15000639,POCO,brawlBall5V5,Great waves,ranked,brawlBall,victory,95.0,,8.0,#V2LLC89Q,SerialNonce,16000013.0,POCO,11.0,294.0,#22R2RPR2P,kingcurry69,16000003.0,BROCK,7.0,24.0,#88P2VQPU,beethmonke,16000019.0,PENNY,7.0,271.0,#9JGRVLR9,Mr. Poori,16000087.0,JUJU,7.0,129.0,#V2LLC89Q,SerialNonce,16000013.0,POCO,11.0,294.0,#UC892RVG,akethini,16000015.0,PIPER,8.0,292.0
20241129T075012.000Z,15000639,POCO,brawlBall5V5,Great waves,ranked,brawlBall,defeat,87.0,,-2.0,#2GLJ2VU9R,Alpine,16000062.0,BUSTER,10.0,206.0,#22R2RPR2P,kingcurry69,16000003.0,BROCK,7.0,32.0,#88P2VQPU,beethmonke,16000019.0,PENNY,7.0,279.0,#UC892RVG,akethini,16000015.0,PIPER,8.0,302.0,#9JGRVLR9,Mr. Poori,16000087.0,JUJU,7.0,142.0,#V2LLC89Q,SerialNonce,16000013.0,POCO,11.0,302.0
20241129T075640.000Z,15000639,POCO,brawlBall5V5,Great waves,ranked,brawlBall,victory,185.0,,8.0,#22R2RPR2P,kingcurry69,16000003.0,BROCK,9.0,32.0,#UC892RVG,akethini,16000015.0,PIPER,8.0,300.0,#V2LLC89Q,SerialNonce,16000013.0,POCO,11.0,300.0,#88P2VQPU,beethmonke,16000049.0,BUZZ,9.0,317.0,#22R2RPR2P,kingcurry69,16000003.0,BROCK,9.0,32.0,#9JGRVLR9,Mr. Poori,16000040.0,AMBER,7.0,54.0
20241129T080117.000Z,15000639,POCO,brawlBall5V5,Great waves,ranked,brawlBall,defeat,121.0,,-2.0,#GR9UYLJ2L,magopajas,16000071.0,DOUG,11.0,591.0,#UC892RVG,akethini,16000058.0,BONNIE,10.0,564.0,#88P2VQPU,beethmonke,16000072.0,PEARL,7.0,194.0,#22R2RPR2P,kingcurry69,16000003.0,BROCK,11.0,40.0,#9JGRVLR9,Mr. Poori,16000040.0,AMBER,7.0,64.0,#V2LLC89Q,SerialNonce,16000013.0,POCO,11.0,308.0
20241129T080649.000Z,15000728,MAISIE,knockout5V5,Crispy Crypt,ranked,knockout,defeat,215.0,,-3.0,#P0CYCG98C,ùòøùôñùô®ùôùùôùüòµ‚Äçüí´,16000022.0,TICK,10.0,533.0,#9JGRVLR9,Mr. Poori,16000064.0,GRAY,8.0,506.0,#22R2RPR2P,kingcurry69,16000003.0,BROCK,11.0,40.0,#UC892RVG,akethini,16000058.0,BONNIE,10.0,561.0,#88P2VQPU,beethmonke,16000022.0,TICK,10.0,547.0,#V2LLC89Q,SerialNonce,16000068.0,MAISIE,11.0,543.0
20241129T081137.000Z,15000728,MAISIE,knockout5V5,Crispy Crypt,ranked,knockout,victory,223.0,,8.0,#2QJ9JVJC89,HADE$66$,16000022.0,TICK,9.0,564.0,#22R2RPR2P,kingcurry69,16000003.0,BROCK,11.0,40.0,#88P2VQPU,beethmonke,16000022.0,TICK,10.0,544.0,#UC892RVG,akethini,16000058.0,BONNIE,10.0,558.0,#9JGRVLR9,Mr. Poori,16000039.0,COLETTE,9.0,468.0,#V2LLC89Q,SerialNonce,16000068.0,MAISIE,11.0,540.0
20241129T081616.000Z,15000728,MAISIE,knockout5V5,Crispy Crypt,ranked,knockout,defeat,212.0,,-3.0,#QJJRRU0C,Slydicade,16000037.0,SPROUT,11.0,527.0,#22R2RPR2P,kingcurry69,16000003.0,BROCK,11.0,48.0,#88P2VQPU,beethmonke,16000022.0,TICK,10.0,552.0,#9JGRVLR9,Mr. Poori,16000039.0,COLETTE,9.0,477.0,#V2LLC89Q,SerialNonce,16000068.0,MAISIE,11.0,548.0,#UC892RVG,akethini,16000058.0,BONNIE,10.0,566.0
20241129T082205.000Z,15000728,MAISIE,knockout5V5,Crispy Crypt,ranked,knockout,victory,303.0,,8.0,#9JGRVLR9,Mr. Poori,16000039.0,COLETTE,9.0,474.0,#22R2RPR2P,kingcurry69,16000003.0,BROCK,11.0,48.0,#9JGRVLR9,Mr. Poori,16000039.0,COLETTE,9.0,474.0,#88P2VQPU,beethmonke,16000022.0,TICK,10.0,549.0,#V2LLC89Q,SerialNonce,16000068.0,MAISIE,11.0,545.0,#UC892RVG,akethini,16000058.0,BONNIE,10.0,563.0
20241129T082531.000Z,15000728,MAISIE,knockout5V5,Crispy Crypt,ranked,knockout,victory,149.0,,9.0,#88P2VQPU,beethmonke,16000022.0,TICK,10.0,557.0,#22R2RPR2P,kingcurry69,16000003.0,BROCK,11.0,56.0,#88P2VQPU,beethmonke,16000022.0,TICK,10.0,557.0,#UC892RVG,akethini,16000058.0,BONNIE,10.0,571.0,#9JGRVLR9,Mr. Poori,16000039.0,COLETTE,9.0,482.0,#V2LLC89Q,SerialNonce,16000068.0,MAISIE,11.0,553.0
20241129T083215.000Z,15000728,MAISIE,knockout5V5,Crispy Crypt,ranked,knockout,victory,329.0,,10.0,#88P2VQPU,beethmonke,16000022.0,TICK,10.0,566.0,#22R2RPR2P,kingcurry69,16000003.0,BROCK,11.0,65.0,#88P2VQPU,beethmonke,16000022.0,TICK,10.0,566.0,#UC892RVG,akethini,16000058.0,BONNIE,10.0,580.0,#9JGRVLR9,Mr. Poori,16000039.0,COLETTE,9.0,491.0,#V2LLC89Q,SerialNonce,16000068.0,MAISIE,11.0,562.0
20241130T041715.000Z,15000814,CHESTER,soloShowdown,Sunset Vista,ranked,soloShowdown,,,1.0,10.0,,,,,,,,,,,,,,,,,,,,,,,,,,,,,,,,,,,,
20241130T041806.000Z,15000814,MELODIE,soloShowdown,Sunset Vista,ranked,soloShowdown,,,10.0,-6.0,,,,,,,,,,,,,,,,,,,,,,,,,,,,,,,,,,,,
20241130T041947.000Z,15000814,CHESTER,soloShowdown,Sunset Vista,ranked,soloShowdown,,,5.0,4.0,,,,,,,,,,,,,,,,,,,,,,,,,,,,,,,,,,,,
20241130T042159.000Z,15000830,BIBI,unknown,Radiant Rampage,ranked,siege,defeat,121.0,,,#2GPGRPRV0,angelyair,16000004.0,RICO,11.0,669.0,#RRU2UJPCL,EL PRO RAYKERMO,16000043.0,EDGAR,10.0,573.0,#V2LLC89Q,SerialNonce,16000026.0,BIBI,11.0,503.0,#VCYPLLJ,Rico MC Patoüê•,16000052.0,MEG,11.0,670.0,,,,,,,,,,,,
20241130T042411.000Z,15000814,CHESTER,soloShowdown,Sunset Vista,ranked,soloShowdown,,,1.0,11.0,,,,,,,,,,,,,,,,,,,,,,,,,,,,,,,,,,,,
20241130T042528.000Z,15000814,CHESTER,soloShowdown,Sunset Vista,ranked,soloShowdown,,,1.0,12.0,,,,,,,,,,,,,,,,,,,,,,,,,,,,,,,,,,,,
20241130T042916.000Z,15000814,MAX,soloShowdown,Sunset Vista,ranked,soloShowdown,,,1.0,13.0,,,,,,,,,,,,,,,,,,,,,,,,,,,,,,,,,,,,
20241130T181255.000Z,15000814,MAX,soloShowdown,Sunset Vista,ranked,soloShowdown,,,1.0,14.0,,,,,,,,,,,,,,,,,,,,,,,,,,,,,,,,,,,,
20241130T181554.000Z,15000814,MAX,soloShowdown,Sunset Vista,ranked,soloShowdown,,,1.0,15.0,,,,,,,,,,,,,,,,,,,,,,,,,,,,,,,,,,,,
20241130T181742.000Z,15000814,MAX,soloShowdown,Sunset Vista,ranked,soloShowdown,,,1.0,15.0,,,,,,,,,,,,,,,,,,,,,,,,,,,,,,,,,,,,
20241130T182002.000Z,15000814,MAX,soloShowdown,Sunset Vista,ranked,soloShowdown,,,2.0,13.0,,,,,,,,,,,,,,,,,,,,,,,,,,,,,,,,,,,,
20241130T220937.000Z,15000798,MAX,trioShowdown,Starr Fish,ranked,duoShowdown,,,1.0,14.0,,,,,,,#2QJ92GGJJY,PledgeMaster5,16000078.0,MELODIE,9.0,157.0,#V2LLC89Q,SerialNonce,16000032.0,MAX,10.0,103.0,#JQVCQYV,Tinfoil91,16000071.0,DOUG,9.0,124.0,,,,,,,,,,,,
20241130T221318.000Z,15000798,MAX,trioShowdown,Starr Fish,ranked,duoShowdown,,,1.0,14.0,,,,,,,#2QJ92GGJJY,PledgeMaster5,16000078.0,MELODIE,9.0,166.0,#JQVCQYV,Tinfoil91,16000071.0,DOUG,9.0,136.0,#V2LLC89Q,SerialNonce,16000032.0,MAX,10.0,117.0,,,,,,,,,,,,
20241130T221503.000Z,15000798,MAX,trioShowdown,Starr Fish,ranked,duoShowdown,,,1.0,14.0,,,,,,,#2QJ92GGJJY,PledgeMaster5,16000078.0,MELODIE,9.0,176.0,#V2LLC89Q,SerialNonce,16000032.0,MAX,10.0,131.0,#JQVCQYV,Tinfoil91,16000071.0,DOUG,9.0,149.0,,,,,,,,,,,,
20241130T221708.000Z,15000798,MAX,trioShowdown,Starr Fish,ranked,duoShowdown,,,1.0,14.0,,,,,,,#2QJ92GGJJY,PledgeMaster5,16000078.0,MELODIE,9.0,187.0,#JQVCQYV,Tinfoil91,16000071.0,DOUG,9.0,163.0,#V2LLC89Q,SerialNonce,16000032.0,MAX,10.0,145.0,,,,,,,,,,,,
20241130T221957.000Z,15000798,MAX,trioShowdown,Starr Fish,ranked,duoShowdown,,,1.0,14.0,,,,,,,#2QJ92GGJJY,PledgeMaster5,16000078.0,MELODIE,9.0,199.0,#V2LLC89Q,SerialNonce,16000032.0,MAX,10.0,159.0,#JQVCQYV,Tinfoil91,16000071.0,DOUG,9.0,177.0,,,,,,,,,,,,
20241130T222224.000Z,15000798,MAX,trioShowdown,Starr Fish,ranked,duoShowdown,,,1.0,14.0,,,,,,,#JQVCQYV,Tinfoil91,16000071.0,DOUG,9.0,191.0,#V2LLC89Q,SerialNonce,16000032.0,MAX,10.0,173.0,#2QJ92GGJJY,PledgeMaster5,16000078.0,MELODIE,9.0,212.0,,,,,,,,,,,,
20241130T222401.000Z,15000798,MAX,trioShowdown,Starr Fish,ranked,duoShowdown,,,3.0,4.0,,,,,,,#2QJ92GGJJY,PledgeMaster5,16000078.0,MELODIE,9.0,226.0,#JQVCQYV,Tinfoil91,16000071.0,DOUG,9.0,205.0,#V2LLC89Q,SerialNonce,16000032.0,MAX,10.0,187.0,,,,,,,,,,,,
20241130T222605.000Z,15000798,MAX,trioShowdown,Starr Fish,ranked,duoShowdown,,,1.0,14.0,,,,,,,#2QJ92GGJJY,PledgeMaster5,16000078.0,MELODIE,9.0,229.0,#V2LLC89Q,SerialNonce,16000032.0,MAX,10.0,191.0,#JQVCQYV,Tinfoil91,16000071.0,DOUG,9.0,208.0,,,,,,,,,,,,
20241202T203555.000Z,15000013,MAX,soloShowdown,Skull Creek,ranked,soloShowdown,,,1.0,15.0,,,,,,,,,,,,,,,,,,,,,,,,,,,,,,,,,,,,
20241202T203752.000Z,15000013,MAX,soloShowdown,Skull Creek,ranked,soloShowdown,,,1.0,15.0,,,,,,,,,,,,,,,,,,,,,,,,,,,,,,,,,,,,
20241203T195101.000Z,15000013,MAX,soloShowdown,Skull Creek,ranked,soloShowdown,,,1.0,15.0,,,,,,,,,,,,,,,,,,,,,,,,,,,,,,,,,,,,
20241203T195402.000Z,15000013,MAX,soloShowdown,Skull Creek,ranked,soloShowdown,,,7.0,2.0,,,,,,,,,,,,,,,,,,,,,,,,,,,,,,,,,,,,
20241204T013102.000Z,15000095,CHESTER,soloShowdown,Stormy Plains,ranked,soloShowdown,,,8.0,1.0,,,,,,,,,,,,,,,,,,,,,,,,,,,,,,,,,,,,
20241210T053750.000Z,15000032,SHADE,soloShowdown,Acid Lakes,ranked,soloShowdown,,,1.0,10.0,,,,,,,,,,,,,,,,,,,,,,,,,,,,,,,,,,,,
20241210T054235.000Z,15000032,SHADE,soloShowdown,Acid Lakes,ranked,soloShowdown,,,1.0,11.0,,,,,,,,,,,,,,,,,,,,,,,,,,,,,,,,,,,,
20241210T054446.000Z,15000032,SHADE,soloShowdown,Acid Lakes,ranked,soloShowdown,,,1.0,12.0,,,,,,,,,,,,,,,,,,,,,,,,,,,,,,,,,,,,
20241210T054831.000Z,15000032,MELODIE,soloShowdown,Acid Lakes,ranked,soloShowdown,,,10.0,-6.0,,,,,,,,,,,,,,,,,,,,,,,,,,,,,,,,,,,,
20241212T072254.000Z,15000045,MELODIE,soloShowdown,Island Invasion,ranked,soloShowdown,,,1.0,10.0,,,,,,,,,,,,,,,,,,,,,,,,,,,,,,,,,,,,
20241212T072539.000Z,15000045,MELODIE,soloShowdown,Island Invasion,ranked,soloShowdown,,,9.0,-6.0,,,,,,,,,,,,,,,,,,,,,,,,,,,,,,,,,,,,
20241212T072646.000Z,15000045,MELODIE,soloShowdown,Island Invasion,ranked,soloShowdown,,,2.0,8.0,,,,,,,,,,,,,,,,,,,,,,,,,,,,,,,,,,,,
20241212T160557.000Z,15000045,MELODIE,soloShowdown,Island Invasion,ranked,soloShowdown,,,8.0,-5.0,,,,,,,,,,,,,,,,,,,,,,,,,,,,,,,,,,,,
20241212T212340.000Z,15000701,MELODIE,soloShowdown,Marksman's Paradise,ranked,soloShowdown,,,10.0,-6.0,,,,,,,,,,,,,,,,,,,,,,,,,,,,,,,,,,,,
20241212T212359.000Z,15000701,MELODIE,soloShowdown,Marksman's Paradise,ranked,soloShowdown,,,4.0,4.0,,,,,,,,,,,,,,,,,,,,,,,,,,,,,,,,,,,,
20241212T214542.000Z,15000701,MELODIE,soloShowdown,Marksman's Paradise,ranked,soloShowdown,,,5.0,2.0,,,,,,,,,,,,,,,,,,,,,,,,,,,,,,,,,,,,
20241217T064355.000Z,15000032,MELODIE,soloShowdown,Acid Lakes,ranked,soloShowdown,,,6.0,-1.0,,,,,,,,,,,,,,,,,,,,,,,,,,,,,,,,,,,,
20241218T204022.000Z,15000005,MAISIE,bounty,Shooting Star,soloRanked,bounty,victory,68.0,,,#8J0VY8JP,JordanGOAT,16000003.0,BROCK,11.0,1.0,#LQPL28QG0,Chop Chop,16000001.0,COLT,11.0,1.0,#8J0VY8JP,JordanGOAT,16000003.0,BROCK,11.0,1.0,#V2LLC89Q,SerialNonce,16000068.0,MAISIE,11.0,1.0,,,,,,,,,,,,
20241219T163119.000Z,15000101,MELODIE,soloShowdown,Dark Passage,ranked,soloShowdown,,,7.0,-2.0,,,,,,,,,,,,,,,,,,,,,,,,,,,,,,,,,,,,
20241220T004947.000Z,15000827,MELODIE,unknown,Infernal Invasion,ranked,siege,defeat,150.0,,,#PGG2RQC8V,Toast-,16000022.0,TICK,11.0,443.0,#RVQ9889YL,Joe,16000086.0,SHADE,9.0,314.0,#LURLQQJGU,tanner,16000088.0,BUZZ LIGHTYEAR,11.0,160.0,#V2LLC89Q,SerialNonce,16000078.0,MELODIE,11.0,864.0,,,,,,,,,,,,
20250102T015210.000Z,15000430,CHESTER,soloShowdown,Dried Up River,ranked,soloShowdown,,,3.0,9.0,,,,,,,,,,,,,,,,,,,,,,,,,,,,,,,,,,,,
20250102T015309.000Z,15000430,CHESTER,soloShowdown,Dried Up River,ranked,soloShowdown,,,9.0,,,,,,,,,,,,,,,,,,,,,,,,,,,,,,,,,,,,,
20250102T015409.000Z,15000430,CHESTER,soloShowdown,Dried Up River,ranked,soloShowdown,,,1.0,10.0,,,,,,,,,,,,,,,,,,,,,,,,,,,,,,,,,,,,
20250102T015606.000Z,15000430,CHESTER,soloShowdown,Dried Up River,ranked,soloShowdown,,,1.0,11.0,,,,,,,,,,,,,,,,,,,,,,,,,,,,,,,,,,,,
20250102T020157.000Z,15000832,,duels,Zen Garden,ranked,duels,victory,41.0,,,,,,,,,,,,,,,,,,,,,,,,,,,,,,,,,,,,,,
20250102T020440.000Z,15000832,,duels,Zen Garden,ranked,duels,victory,143.0,,,,,,,,,,,,,,,,,,,,,,,,,,,,,,,,,,,,,,
20250102T020719.000Z,15000832,,duels,Zen Garden,ranked,duels,victory,137.0,,,,,,,,,,,,,,,,,,,,,,,,,,,,,,,,,,,,,,
20250102T020939.000Z,15000832,,duels,Zen Garden,ranked,duels,victory,64.0,,,,,,,,,,,,,,,,,,,,,,,,,,,,,,,,,,,,,,
20250102T021201.000Z,15000832,,duels,Zen Garden,ranked,duels,victory,122.0,,,,,,,,,,,,,,,,,,,,,,,,,,,,,,,,,,,,,,
20250102T021514.000Z,15000832,,duels,Zen Garden,ranked,duels,victory,45.0,,,,,,,,,,,,,,,,,,,,,,,,,,,,,,,,,,,,,,
20250102T071821.000Z,15000832,,duels,Zen Garden,ranked,duels,victory,110.0,,,,,,,,,,,,,,,,,,,,,,,,,,,,,,,,,,,,,,
20250102T071944.000Z,15000832,,duels,Zen Garden,ranked,duels,victory,62.0,,,,,,,,,,,,,,,,,,,,,,,,,,,,,,,,,,,,,,
20250102T072043.000Z,15000832,,duels,Zen Garden,ranked,duels,victory,35.0,,,,,,,,,,,,,,,,,,,,,,,,,,,,,,,,,,,,,,
20250102T074615.000Z,15000832,,duels,Zen Garden,ranked,duels,victory,95.0,,,,,,,,,,,,,,,,,,,,,,,,,,,,,,,,,,,,,,
20250102T074918.000Z,15000832,,duels,Zen Garden,ranked,duels,victory,62.0,,,,,,,,,,,,,,,,,,,,,,,,,,,,,,,,,,,,,,
20250102T075157.000Z,15000832,,duels,Zen Garden,ranked,duels,victory,128.0,,,,,,,,,,,,,,,,,,,,,,,,,,,,,,,,,,,,,,
20250102T075420.000Z,15000832,,duels,Zen Garden,ranked,duels,victory,117.0,,,,,,,,,,,,,,,,,,,,,,,,,,,,,,,,,,,,,,
20250102T075652.000Z,15000832,,duels,Zen Garden,ranked,duels,victory,130.0,,,,,,,,,,,,,,,,,,,,,,,,,,,,,,,,,,,,,,
20250102T080004.000Z,15000832,,duels,Zen Garden,ranked,duels,defeat,162.0,,,,,,,,,,,,,,,,,,,,,,,,,,,,,,,,,,,,,,
20250102T080141.000Z,15000832,,duels,Zen Garden,ranked,duels,victory,75.0,,,,,,,,,,,,,,,,,,,,,,,,,,,,,,,,,,,,,,
20250102T080557.000Z,15000832,,duels,Zen Garden,ranked,duels,victory,76.0,,,,,,,,,,,,,,,,,,,,,,,,,,,,,,,,,,,,,,
20250102T080807.000Z,15000832,,duels,Zen Garden,ranked,duels,victory,91.0,,,,,,,,,,,,,,,,,,,,,,,,,,,,,,,,,,,,,,
20250102T080948.000Z,15000832,,duels,Zen Garden,ranked,duels,victory,70.0,,,,,,,,,,,,,,,,,,,,,,,,,,,,,,,,,,,,,,
20250102T081207.000Z,15000832,,duels,Zen Garden,ranked,duels,victory,110.0,,,,,,,,,,,,,,,,,,,,,,,,,,,,,,,,,,,,,,
20250102T081400.000Z,15000832,,duels,Zen Garden,ranked,duels,victory,71.0,,,,,,,,,,,,,,,,,,,,,,,,,,,,,,,,,,,,,,
20250102T015606.000Z,15000430,,soloShowdown,Dried Up River,ranked,soloShowdown,,,1.0,11.0,,,,,,,,,,,,,,,,,,,,,,,,,,,,,,,,,,,,
20250102T015409.000Z,15000430,,soloShowdown,Dried Up River,ranked,soloShowdown,,,1.0,10.0,,,,,,,,,,,,,,,,,,,,,,,,,,,,,,,,,,,,
20250102T015309.000Z,15000430,,soloShowdown,Dried Up River,ranked,soloShowdown,,,9.0,,,,,,,,,,,,,,,,,,,,,,,,,,,,,,,,,,,,,
20250102T015210.000Z,15000430,,soloShowdown,Dried Up River,ranked,soloShowdown,,,3.0,9.0,,,,,,,,,,,,,,,,,,,,,,,,,,,,,,,,,,,,
20241127T190012.000Z,15000796,,trioShowdown,Ring 'o Brawlin,ranked,duoShowdown,,,4.0,,,,,,,,#V2LLC89Q,SerialNonce,16000071.0,DOUG,5.0,83.0,#2RJ8G8VQ0,nemo,16000020.0,FRANK,11.0,617.0,#GJQJGGQ00,colt,16000085.0,KENJI,9.0,426.0,,,,,,,,,,,,
20241127T185733.000Z,15000796,,trioShowdown,Ring 'o Brawlin,ranked,duoShowdown,,,2.0,,,,,,,,#PRGQ0JYLJ,–±—ç–±—Ä–∏–∫,16000030.0,EMZ,11.0,847.0,#289ULJU0,Dario,16000030.0,EMZ,11.0,804.0,#V2LLC89Q,SerialNonce,16000071.0,DOUG,5.0,83.0,,,,,,,,,,,,
20241127T185502.000Z,15000796,,trioShowdown,Ring 'o Brawlin,ranked,duoShowdown,,,1.0,,,,,,,,#V2LLC89Q,SerialNonce,16000071.0,DOUG,5.0,83.0,#PQ80QPGR,squishy4478,16000000.0,SHELLY,10.0,428.0,#2LCVQ0G2V0,chickensad,16000015.0,PIPER,11.0,817.0,,,,,,,,,,,,
20241127T174448.000Z,15000018,,heist,Kaboom Canyon,soloRanked,heist,victory,59.0,,,#UURYRGP2,ThotMan123,16000000.0,SHELLY,11.0,5.0,#UURYRGP2,ThotMan123,16000000.0,SHELLY,11.0,5.0,#V2LLC89Q,SerialNonce,16000008.0,NITA,11.0,7.0,#2YRUVYCY98,i hate edgars,16000007.0,JESSIE,9.0,7.0,,,,,,,,,,,,
20241127T174229.000Z,15000007,,gemGrab,Hard Rock Mine,soloRanked,gemGrab,defeat,82.0,,,#28RR2R8U9Q,roger,16000035.0,GALE,11.0,7.0,#UURYRGP2,ThotMan123,16000020.0,FRANK,11.0,5.0,#V2LLC89Q,SerialNonce,16000039.0,COLETTE,11.0,7.0,#2LP8JV2LUR,El toca toca,16000009.0,DYNAMIKE,11.0,7.0,,,,,,,,,,,,
20241127T174015.000Z,15000022,,bounty,Hideout,soloRanked,bounty,victory,83.0,,,#UURYRGP2,ThotMan123,16000000.0,SHELLY,11.0,5.0,#228PYY89JU,stella,16000030.0,EMZ,9.0,7.0,#UURYRGP2,ThotMan123,16000000.0,SHELLY,11.0,5.0,#V2LLC89Q,SerialNonce,16000078.0,MELODIE,10.0,7.0,,,,,,,,,,,,
20241127T173743.000Z,15000019,,heist,Safe Zone,soloRanked,heist,defeat,150.0,,,#V2LLC89Q,SerialNonce,16000065.0,MANDY,9.0,7.0,#22L9CP0982,skibidislicerz,16000009.0,DYNAMIKE,11.0,7.0,#UURYRGP2,ThotMan123,16000000.0,SHELLY,11.0,5.0,#V2LLC89Q,SerialNonce,16000065.0,MANDY,9.0,7.0,,,,,,,,,,,,
20241127T173431.000Z,15000115,,gemGrab,Double Swoosh,soloRanked,gemGrab,defeat,102.0,,,#2LLGG9QLPU,Messi10,16000026.0,BIBI,11.0,7.0,#UURYRGP2,ThotMan123,16000000.0,SHELLY,11.0,5.0,#V2LLC89Q,SerialNonce,16000009.0,DYNAMIKE,11.0,7.0,#2298LCV9GU,Storm,16000005.0,SPIKE,11.0,7.0,,,,,,,,,,,,
20241127T173150.000Z,15000300,,hotZone,Ring of Fire,soloRanked,hotZone,defeat,96.0,,,#2QLQGU28LP,birbo300,16000027.0,8-BIT,9.0,4.0,#UURYRGP2,ThotMan123,16000000.0,SHELLY,11.0,5.0,#V2LLC89Q,SerialNonce,16000068.0,MAISIE,11.0,8.0,#2PQQG8UCC2,servando,16000003.0,BROCK,10.0,8.0,,,,,,,,,,,,
20241127T172913.000Z,15000050,,brawlBall,Sneaky Fields,soloRanked,brawlBall,victory,75.0,,,#UURYRGP2,ThotMan123,16000000.0,SHELLY,11.0,4.0,#UURYRGP2,ThotMan123,16000000.0,SHELLY,11.0,4.0,#V2LLC89Q,SerialNonce,16000078.0,MELODIE,10.0,7.0,#808YQQC,Cabra Loca,16000045.0,STU,9.0,7.0,,,,,,,,,,,,
20241127T172615.000Z,15000050,,brawlBall,Sneaky Fields,soloRanked,brawlBall,victory,58.0,,,#UURYRGP2,ThotMan123,16000020.0,FRANK,11.0,4.0,#UURYRGP2,ThotMan123,16000020.0,FRANK,11.0,4.0,#V2LLC89Q,SerialNonce,16000078.0,MELODIE,10.0,7.0,#Y22PUL9G9,Alex‚ò£Ô∏è‚Åπ‚Åπ‚Åπ,16000028.0,SANDY,11.0,7.0,,,,,,,,,,,,
20241127T172407.000Z,15000072,,heist,Bridge Too Far,soloRanked,heist,victory,67.0,,,#2LLRLLGQ28,edgar e colette,16000043.0,EDGAR,11.0,7.0,#2LLRLLGQ28,edgar e colette,16000043.0,EDGAR,11.0,7.0,#UURYRGP2,ThotMan123,16000020.0,FRANK,11.0,4.0,#V2LLC89Q,SerialNonce,16000065.0,MANDY,9.0,7.0,,,,,,,,,,,,
20241127T172156.000Z,15000046,,duoShowdown,Island Invasion,ranked,duoShowdown,,,1.0,14.0,,,,,,,#UURYRGP2,ThotMan123,16000029.0,BEA,1.0,42.0,#V2LLC89Q,SerialNonce,16000071.0,DOUG,5.0,69.0,,,,,,,,,,,,,,,,,,
20241127T171942.000Z,15000046,,duoShowdown,Island Invasion,ranked,duoShowdown,,,1.0,14.0,,,,,,,#UURYRGP2,ThotMan123,16000029.0,BEA,1.0,30.0,#V2LLC89Q,SerialNonce,16000071.0,DOUG,5.0,55.0,,,,,,,,,,,,,,,,,,
20241127T171717.000Z,15000046,,duoShowdown,Island Invasion,ranked,duoShowdown,,,1.0,13.0,,,,,,,#UURYRGP2,ThotMan123,16000029.0,BEA,1.0,19.0,#V2LLC89Q,SerialNonce,16000071.0,DOUG,5.0,42.0,,,,,,,,,,,,,,,,,,
20241127T171527.000Z,15000046,,duoShowdown,Island Invasion,ranked,duoShowdown,,,1.0,12.0,,,,,,,#UURYRGP2,ThotMan123,16000029.0,BEA,1.0,9.0,#V2LLC89Q,SerialNonce,16000071.0,DOUG,5.0,30.0,,,,,,,,,,,,,,,,,,
20241127T171341.000Z,15000046,,duoShowdown,Island Invasion,ranked,duoShowdown,,,1.0,11.0,,,,,,,#UURYRGP2,ThotMan123,16000029.0,BEA,1.0,0.0,#V2LLC89Q,SerialNonce,16000071.0,DOUG,5.0,19.0,,,,,,,,,,,,,,,,,,
20241127T171141.000Z,15000046,,duoShowdown,Island Invasion,ranked,duoShowdown,,,1.0,10.0,,,,,,,#UURYRGP2,ThotMan123,16000030.0,EMZ,4.0,20.0,#V2LLC89Q,SerialNonce,16000071.0,DOUG,5.0,9.0,,,,,,,,,,,,,,,,,,
20241127T171008.000Z,15000046,,duoShowdown,Island Invasion,ranked,duoShowdown,,,1.0,9.0,,,,,,,#UURYRGP2,ThotMan123,16000030.0,EMZ,4.0,11.0,#V2LLC89Q,SerialNonce,16000071.0,DOUG,5.0,0.0,,,,,,,,,,,,,,,,,,
20241127T170806.000Z,15000132,,brawlBall,Center Stage,soloRanked,brawlBall,defeat,150.0,,,#GCU98JYVL,surge,16000018.0,DARRYL,9.0,7.0,#UURYRGP2,ThotMan123,16000000.0,SHELLY,11.0,4.0,#V2LLC89Q,SerialNonce,16000039.0,COLETTE,11.0,7.0,#8Y0RPLLGG,KevLex,16000044.0,RUFFS,10.0,7.0,,,,,,,,,,,,
20241127T170449.000Z,15000300,,hotZone,Ring of Fire,soloRanked,hotZone,defeat,110.0,,,#V2LLC89Q,SerialNonce,16000068.0,MAISIE,11.0,7.0,#9CY2V82G2,ratoolie,16000001.0,COLT,10.0,7.0,#V2LLC89Q,SerialNonce,16000068.0,MAISIE,11.0,7.0,#UURYRGP2,ThotMan123,16000020.0,FRANK,11.0,4.0,,,,,,,,,,,,
20241127T170214.000Z,15000018,,heist,Kaboom Canyon,soloRanked,heist,defeat,76.0,,,#2QVYJQ0P0G,brawler XD,16000010.0,EL PRIMO,9.0,7.0,#UURYRGP2,ThotMan123,16000000.0,SHELLY,11.0,4.0,#V2LLC89Q,SerialNonce,16000078.0,MELODIE,10.0,7.0,#2QVYJQ0P0G,brawler XD,16000010.0,EL PRIMO,9.0,7.0,,,,,,,,,,,,
20241127T170003.000Z,15000292,,hotZone,Open Business,soloRanked,hotZone,defeat,141.0,,,#2LCLLRCLV9,RizzyGlizzy,16000009.0,DYNAMIKE,11.0,7.0,#JJULURRCJ,Lafercha,16000022.0,TICK,9.0,7.0,#UURYRGP2,ThotMan123,16000020.0,FRANK,11.0,4.0,#V2LLC89Q,SerialNonce,16000013.0,POCO,11.0,7.0,,,,,,,,,,,,
20241127T165659.000Z,15000022,,bounty,Hideout,soloRanked,bounty,defeat,120.0,,,#2QJRRQV2Q0,Ethan‚úùÔ∏è,16000030.0,EMZ,11.0,8.0,#RY0QG09CL,ü•≠mango,16000032.0,MAX,11.0,8.0,#UURYRGP2,ThotMan123,16000020.0,FRANK,11.0,4.0,#V2LLC89Q,SerialNonce,16000068.0,MAISIE,11.0,8.0,,,,,,,,,,,,
20241127T165410.000Z,15000025,,brawlBall,Triple Dribble,soloRanked,brawlBall,defeat,170.0,,,#VUPRUUCR,i luv fent,16000006.0,BARLEY,9.0,8.0,#UURYRGP2,ThotMan123,16000020.0,FRANK,11.0,4.0,#V2LLC89Q,SerialNonce,16000026.0,BIBI,11.0,8.0,#VUPRUUCR,i luv fent,16000006.0,BARLEY,9.0,8.0,,,,,,,,,,,,
20241220T004947.000Z,15000827,,unknown,Infernal Invasion,ranked,siege,defeat,150.0,,,#PGG2RQC8V,Toast-,16000022.0,TICK,11.0,443.0,#RVQ9889YL,Joe,16000086.0,SHADE,9.0,314.0,#LURLQQJGU,tanner,16000088.0,BUZZ LIGHTYEAR,11.0,160.0,#V2LLC89Q,SerialNonce,16000078.0,MELODIE,11.0,864.0,,,,,,,,,,,,
20241219T163119.000Z,15000101,,soloShowdown,Dark Passage,ranked,soloShowdown,,,7.0,-2.0,,,,,,,,,,,,,,,,,,,,,,,,,,,,,,,,,,,,
20241218T204022.000Z,15000005,,bounty,Shooting Star,soloRanked,bounty,victory,68.0,,,#8J0VY8JP,JordanGOAT,16000003.0,BROCK,11.0,1.0,#LQPL28QG0,Chop Chop,16000001.0,COLT,11.0,1.0,#8J0VY8JP,JordanGOAT,16000003.0,BROCK,11.0,1.0,#V2LLC89Q,SerialNonce,16000068.0,MAISIE,11.0,1.0,,,,,,,,,,,,
20241217T064355.000Z,15000032,,soloShowdown,Acid Lakes,ranked,soloShowdown,,,6.0,-1.0,,,,,,,,,,,,,,,,,,,,,,,,,,,,,,,,,,,,
20241212T214542.000Z,15000701,,soloShowdown,Marksman's Paradise,ranked,soloShowdown,,,5.0,2.0,,,,,,,,,,,,,,,,,,,,,,,,,,,,,,,,,,,,
20241212T212359.000Z,15000701,,soloShowdown,Marksman's Paradise,ranked,soloShowdown,,,4.0,4.0,,,,,,,,,,,,,,,,,,,,,,,,,,,,,,,,,,,,
20241212T212340.000Z,15000701,,soloShowdown,Marksman's Paradise,ranked,soloShowdown,,,10.0,-6.0,,,,,,,,,,,,,,,,,,,,,,,,,,,,,,,,,,,,
20241212T160557.000Z,15000045,,soloShowdown,Island Invasion,ranked,soloShowdown,,,8.0,-5.0,,,,,,,,,,,,,,,,,,,,,,,,,,,,,,,,,,,,
20241212T072646.000Z,15000045,,soloShowdown,Island Invasion,ranked,soloShowdown,,,2.0,8.0,,,,,,,,,,,,,,,,,,,,,,,,,,,,,,,,,,,,
20241212T072539.000Z,15000045,,soloShowdown,Island Invasion,ranked,soloShowdown,,,9.0,-6.0,,,,,,,,,,,,,,,,,,,,,,,,,,,,,,,,,,,,
20241212T072254.000Z,15000045,,soloShowdown,Island Invasion,ranked,soloShowdown,,,1.0,10.0,,,,,,,,,,,,,,,,,,,,,,,,,,,,,,,,,,,,
20241210T054831.000Z,15000032,,soloShowdown,Acid Lakes,ranked,soloShowdown,,,10.0,-6.0,,,,,,,,,,,,,,,,,,,,,,,,,,,,,,,,,,,,
20241210T054446.000Z,15000032,,soloShowdown,Acid Lakes,ranked,soloShowdown,,,1.0,12.0,,,,,,,,,,,,,,,,,,,,,,,,,,,,,,,,,,,,
20241210T054235.000Z,15000032,,soloShowdown,Acid Lakes,ranked,soloShowdown,,,1.0,11.0,,,,,,,,,,,,,,,,,,,,,,,,,,,,,,,,,,,,
20241210T053750.000Z,15000032,,soloShowdown,Acid Lakes,ranked,soloShowdown,,,1.0,10.0,,,,,,,,,,,,,,,,,,,,,,,,,,,,,,,,,,,,
20241204T013102.000Z,15000095,,soloShowdown,Stormy Plains,ranked,soloShowdown,,,8.0,1.0,,,,,,,,,,,,,,,,,,,,,,,,,,,,,,,,,,,,
20241203T195402.000Z,15000013,,soloShowdown,Skull Creek,ranked,soloShowdown,,,7.0,2.0,,,,,,,,,,,,,,,,,,,,,,,,,,,,,,,,,,,,
20241203T195101.000Z,15000013,,soloShowdown,Skull Creek,ranked,soloShowdown,,,1.0,15.0,,,,,,,,,,,,,,,,,,,,,,,,,,,,,,,,,,,,
20241202T203752.000Z,15000013,,soloShowdown,Skull Creek,ranked,soloShowdown,,,1.0,15.0,,,,,,,,,,,,,,,,,,,,,,,,,,,,,,,,,,,,
20241202T203555.000Z,15000013,,soloShowdown,Skull Creek,ranked,soloShowdown,,,1.0,15.0,,,,,,,,,,,,,,,,,,,,,,,,,,,,,,,,,,,,
20241130T222605.000Z,15000798,,trioShowdown,Starr Fish,ranked,duoShowdown,,,1.0,14.0,,,,,,,#2QJ92GGJJY,PledgeMaster5,16000078.0,MELODIE,9.0,229.0,#V2LLC89Q,SerialNonce,16000032.0,MAX,10.0,191.0,#JQVCQYV,Tinfoil91,16000071.0,DOUG,9.0,208.0,,,,,,,,,,,,
20241130T222401.000Z,15000798,,trioShowdown,Starr Fish,ranked,duoShowdown,,,3.0,4.0,,,,,,,#2QJ92GGJJY,PledgeMaster5,16000078.0,MELODIE,9.0,226.0,#JQVCQYV,Tinfoil91,16000071.0,DOUG,9.0,205.0,#V2LLC89Q,SerialNonce,16000032.0,MAX,10.0,187.0,,,,,,,,,,,,
20241130T222224.000Z,15000798,,trioShowdown,Starr Fish,ranked,duoShowdown,,,1.0,14.0,,,,,,,#JQVCQYV,Tinfoil91,16000071.0,DOUG,9.0,191.0,#V2LLC89Q,SerialNonce,16000032.0,MAX,10.0,173.0,#2QJ92GGJJY,PledgeMaster5,16000078.0,MELODIE,9.0,212.0,,,,,,,,,,,,
20241130T221957.000Z,15000798,,trioShowdown,Starr Fish,ranked,duoShowdown,,,1.0,14.0,,,,,,,#2QJ92GGJJY,PledgeMaster5,16000078.0,MELODIE,9.0,199.0,#V2LLC89Q,SerialNonce,16000032.0,MAX,10.0,159.0,#JQVCQYV,Tinfoil91,16000071.0,DOUG,9.0,177.0,,,,,,,,,,,,
20241130T221708.000Z,15000798,,trioShowdown,Starr Fish,ranked,duoShowdown,,,1.0,14.0,,,,,,,#2QJ92GGJJY,PledgeMaster5,16000078.0,MELODIE,9.0,187.0,#JQVCQYV,Tinfoil91,16000071.0,DOUG,9.0,163.0,#V2LLC89Q,SerialNonce,16000032.0,MAX,10.0,145.0,,,,,,,,,,,,
20241123T211456.000Z,15000820,,unknown,Broiler Room,ranked,siege,victory,96.0,,,#V2LLC89Q,SerialNonce,16000078.0,MELODIE,10.0,845.0,#CUPCPYCR,Urigotica,16000001.0,COLT,10.0,534.0,#V2LLC89Q,SerialNonce,16000078.0,MELODIE,10.0,845.0,#298CPV98YC,ElBravoBro,16000007.0,JESSIE,11.0,428.0,,,,,,,,,,,,
20241123T211248.000Z,15000820,,unknown,Broiler Room,ranked,siege,defeat,91.0,,,#8R89GYPQ,the skill ful,16000023.0,LEON,11.0,674.0,#29UJLC0JP,:Dabüòéü§ë,16000001.0,COLT,9.0,432.0,#9G0VRU992,—Ç–∏–º—É—Ä,16000045.0,STU,8.0,303.0,#V2LLC89Q,SerialNonce,16000078.0,MELODIE,10.0,845.0,,,,,,,,,,,,
20241123T211037.000Z,15000820,,unknown,Broiler Room,ranked,siege,victory,61.0,,,#V2LLC89Q,SerialNonce,16000078.0,MELODIE,10.0,845.0,#V2LLC89Q,SerialNonce,16000078.0,MELODIE,10.0,845.0,#2V9CU2PCC,–ú–∞–∫—Å,16000005.0,SPIKE,11.0,777.0,#R8JG0GU2,podock,16000009.0,DYNAMIKE,11.0,510.0,,,,,,,,,,,,
20241123T210914.000Z,15000820,,unknown,Broiler Room,ranked,siege,defeat,63.0,,,#92PG2CQ,Yahir Lupian,16000004.0,RICO,11.0,616.0,#C8YCPUYG8,juan jose,16000008.0,NITA,8.0,251.0,#LVG2GUPG9,chefsito,16000003.0,BROCK,11.0,750.0,#V2LLC89Q,SerialNonce,16000078.0,MELODIE,10.0,845.0,,,,,,,,,,,,
20241121T234642.000Z,15000827,,unknown,Infernal Invasion,ranked,siege,defeat,142.0,,,#2QUY9VYPUY,max,16000087.0,JUJU,10.0,300.0,#9JUG22G8G,puppy master,16000035.0,GALE,11.0,458.0,#2Y9U8RLCR9,üíïArelyüíï,16000085.0,KENJI,10.0,260.0,#V2LLC89Q,SerialNonce,16000078.0,MELODIE,10.0,845.0,,,,,,,,,,,,
20241121T025754.000Z,15000013,,soloShowdown,Skull Creek,ranked,soloShowdown,,,2.0,8.0,,,,,,,,,,,,,,,,,,,,,,,,,,,,,,,,,,,,
20241119T205801.000Z,15000228,,soloShowdown,Safety Center,ranked,soloShowdown,,,7.0,-2.0,,,,,,,,,,,,,,,,,,,,,,,,,,,,,,,,,,,,
20241119T205617.000Z,15000228,,soloShowdown,Safety Center,ranked,soloShowdown,,,5.0,2.0,,,,,,,,,,,,,,,,,,,,,,,,,,,,,,,,,,,,
20241118T172215.000Z,15000827,,unknown,Infernal Invasion,ranked,siege,victory,138.0,,10.0,#92R9VVVC0,Arkan,16000019.0,PENNY,11.0,848.0,#92R9VVVC0,Arkan,16000019.0,PENNY,11.0,848.0,#V2LLC89Q,SerialNonce,16000078.0,MELODIE,10.0,827.0,#990YYPY,alphaqu,16000022.0,TICK,11.0,890.0,,,,,,,,,,,,
20241118T172007.000Z,15000849,,trioShowdown,Dark Passage,ranked,duoShowdown,,,4.0,,,,,,,,#V2LLC89Q,SerialNonce,16000078.0,MELODIE,10.0,827.0,#282LRJ8YL9,manny,16000021.0,GENE,10.0,200.0,#P9V9YQ90U,willy12,16000030.0,EMZ,11.0,592.0,,,,,,,,,,,,
20241117T203241.000Z,15000849,,trioShowdown,Dark Passage,ranked,duoShowdown,,,1.0,,,,,,,,#2Y9CC0R88G,@Edward,16000004.0,RICO,11.0,692.0,#2PCRYJGVU,üî•The Jordanüëπ,16000015.0,PIPER,9.0,500.0,#V2LLC89Q,SerialNonce,16000078.0,MELODIE,10.0,827.0,,,,,,,,,,,,
20241117T203004.000Z,15000849,,trioShowdown,Dark Passage,ranked,duoShowdown,,,1.0,,,,,,,,#2LUVYQYJ9,mein spike,16000043.0,EDGAR,10.0,602.0,#Y8Y9CRLLV,Chuckles555,16000003.0,BROCK,11.0,310.0,#V2LLC89Q,SerialNonce,16000078.0,MELODIE,10.0,827.0,,,,,,,,,,,,
20241117T202721.000Z,15000849,,trioShowdown,Dark Passage,ranked,duoShowdown,,,1.0,,,,,,,,#RRUG0QP,David,16000000.0,SHELLY,9.0,500.0,#2QQ009RV02,EL REY,16000050.0,GRIFF,11.0,866.0,#V2LLC89Q,SerialNonce,16000078.0,MELODIE,10.0,827.0,,,,,,,,,,,,
20241117T202616.000Z,15000849,,trioShowdown,Dark Passage,ranked,duoShowdown,,,3.0,,,,,,,,#9UQUJJCRQ,Ïä§ÌéÄÏßÄÎ∞•,16000064.0,GRAY,11.0,306.0,#V2LLC89Q,SerialNonce,16000078.0,MELODIE,10.0,827.0,#2PVY0Y920L,Xiao,16000043.0,EDGAR,9.0,532.0,,,,,,,,,,,,
20241117T090719.000Z,15000123,,soloShowdown,Flying Fantasies,ranked,soloShowdown,,,3.0,7.0,,,,,,,,,,,,,,,,,,,,,,,,,,,,,,,,,,,,
20241117T090508.000Z,15000123,,soloShowdown,Flying Fantasies,ranked,soloShowdown,,,3.0,6.0,,,,,,,,,,,,,,,,,,,,,,,,,,,,,,,,,,,,
20241115T054026.000Z,15000640,,brawlBall5V5,Cool shapes,ranked,brawlBall,defeat,127.0,,-2.0,#GPCVQQ9C,Best Mortis NA,16000012.0,CROW,9.0,531.0,#2PJ8L02C9,Jimothy,16000001.0,COLT,10.0,548.0,#V2LLC89Q,SerialNonce,16000013.0,POCO,11.0,298.0,#VVLCP2UC,Yung Rice,16000028.0,SANDY,10.0,475.0,#GPCVQQ9C,Best Mortis NA,16000012.0,CROW,9.0,531.0,#28VLU0PVUQ,Oliver_XD,16000003.0,BROCK,9.0,526.0
20241115T053747.000Z,15000640,,brawlBall5V5,Cool shapes,ranked,brawlBall,victory,102.0,,10.0,#GPCVQQ9C,Best Mortis NA,16000012.0,CROW,9.0,521.0,#2PJ8L02C9,Jimothy,16000001.0,COLT,10.0,538.0,#V2LLC89Q,SerialNonce,16000013.0,POCO,11.0,288.0,#VVLCP2UC,Yung Rice,16000028.0,SANDY,10.0,463.0,#GPCVQQ9C,Best Mortis NA,16000012.0,CROW,9.0,521.0,#2L2GLPPR,AREM,16000040.0,AMBER,11.0,516.0
20241115T053534.000Z,15000640,,brawlBall5V5,Cool shapes,ranked,brawlBall,victory,150.0,,9.0,#28GPYPPC8P,tunegro,16000007.0,JESSIE,10.0,542.0,#2PJ8L02C9,Jimothy,16000001.0,COLT,10.0,529.0,#V2LLC89Q,SerialNonce,16000013.0,POCO,11.0,279.0,#VVLCP2UC,Yung Rice,16000028.0,SANDY,10.0,452.0,#GPCVQQ9C,Best Mortis NA,16000012.0,CROW,9.0,512.0,#9UPQ09PVQ,ALEXADER,16000054.0,FANG,11.0,480.0
20241115T053140.000Z,15000640,,brawlBall5V5,Cool shapes,ranked,brawlBall,victory,95.0,,8.0,#VYPVU90J,Wes,16000007.0,JESSIE,9.0,562.0,#2PJ8L02C9,Jimothy,16000001.0,COLT,10.0,521.0,#V2LLC89Q,SerialNonce,16000013.0,POCO,11.0,271.0,#VVLCP2UC,Yung Rice,16000028.0,SANDY,10.0,442.0,#GPCVQQ9C,Best Mortis NA,16000012.0,CROW,9.0,504.0,#VYPVU90J,Wes,16000007.0,JESSIE,9.0,562.0
20241115T052914.000Z,15000640,,brawlBall5V5,Cool shapes,ranked,brawlBall,defeat,120.0,,-2.0,#2JU2QC8L2,‚òÑÔ∏èJEFF‚òÑÔ∏èüêâÿ£ÿ©ÿ¨,16000005.0,SPIKE,11.0,619.0,#2PJ8L02C9,Jimothy,16000001.0,COLT,10.0,524.0,#V2LLC89Q,SerialNonce,16000077.0,LARRY & LAWRIE,9.0,336.0,#VVLCP2UC,Yung Rice,16000015.0,PIPER,10.0,624.0,#GPCVQQ9C,Best Mortis NA,16000012.0,CROW,9.0,507.0,#YLJR2QCR,Kess95,16000046.0,BELLE,11.0,628.0
20241115T052620.000Z,15000640,,brawlBall5V5,Cool shapes,ranked,brawlBall,victory,150.0,,9.0,#909YJ9LR8,krazykev,16000036.0,NANI,8.0,517.0,#G0JLJQGJP,jukjknkn,16000071.0,DOUG,9.0,502.0,#2PJ8L02C9,Jimothy,16000001.0,COLT,10.0,514.0,#V2LLC89Q,SerialNonce,16000077.0,LARRY & LAWRIE,9.0,327.0,#VVLCP2UC,Yung Rice,16000038.0,SURGE,11.0,461.0,#GPCVQQ9C,Best Mortis NA,16000012.0,CROW,9.0,498.0
20241115T052313.000Z,15000640,,brawlBall5V5,Cool shapes,ranked,brawlBall,victory,104.0,,8.0,#VVLCP2UC,Yung Rice,16000038.0,SURGE,11.0,453.0,#2PJ8L02C9,Jimothy,16000001.0,COLT,10.0,505.0,#V2LLC89Q,SerialNonce,16000077.0,LARRY & LAWRIE,9.0,319.0,#VVLCP2UC,Yung Rice,16000038.0,SURGE,11.0,453.0,#GPCVQQ9C,Best Mortis NA,16000012.0,CROW,9.0,490.0,#J2UQRRPYL,^‚Å†_‚Å†^,16000083.0,CLANCY,10.0,477.0
20241115T051852.000Z,15000640,,brawlBall5V5,Cool shapes,ranked,brawlBall,draw,210.0,,,#2QU28JJP8J,‚úùÔ∏èSO4L‚úùÔ∏è,16000038.0,SURGE,11.0,664.0,#2PJ8L02C9,Jimothy,16000001.0,COLT,10.0,505.0,#V2LLC89Q,SerialNonce,16000026.0,BIBI,11.0,503.0,#VVLCP2UC,Yung Rice,16000010.0,EL PRIMO,10.0,704.0,#GPCVQQ9C,Best Mortis NA,16000032.0,MAX,11.0,774.0,#8CU8PQC2J,TebattyellowüåÄ,16000047.0,SQUEAK,10.0,743.0
20241115T051353.000Z,15000640,,brawlBall5V5,Cool shapes,ranked,brawlBall,victory,61.0,,8.0,#GPCVQQ9C,Best Mortis NA,16000032.0,MAX,11.0,766.0,#2PJ8L02C9,Jimothy,16000001.0,COLT,10.0,497.0,#V2LLC89Q,SerialNonce,16000026.0,BIBI,11.0,495.0,#VVLCP2UC,Yung Rice,16000010.0,EL PRIMO,10.0,696.0,#GPCVQQ9C,Best Mortis NA,16000032.0,MAX,11.0,766.0,#29P8Q89,Dillon,16000022.0,TICK,11.0,739.0
20241130T221503.000Z,15000798,,trioShowdown,Starr Fish,ranked,duoShowdown,,,1.0,14.0,,,,,,,#2QJ92GGJJY,PledgeMaster5,16000078.0,MELODIE,9.0,176.0,#V2LLC89Q,SerialNonce,16000032.0,MAX,10.0,131.0,#JQVCQYV,Tinfoil91,16000071.0,DOUG,9.0,149.0,,,,,,,,,,,,
20241130T221318.000Z,15000798,,trioShowdown,Starr Fish,ranked,duoShowdown,,,1.0,14.0,,,,,,,#2QJ92GGJJY,PledgeMaster5,16000078.0,MELODIE,9.0,166.0,#JQVCQYV,Tinfoil91,16000071.0,DOUG,9.0,136.0,#V2LLC89Q,SerialNonce,16000032.0,MAX,10.0,117.0,,,,,,,,,,,,
20241130T220937.000Z,15000798,,trioShowdown,Starr Fish,ranked,duoShowdown,,,1.0,14.0,,,,,,,#2QJ92GGJJY,PledgeMaster5,16000078.0,MELODIE,9.0,157.0,#V2LLC89Q,SerialNonce,16000032.0,MAX,10.0,103.0,#JQVCQYV,Tinfoil91,16000071.0,DOUG,9.0,124.0,,,,,,,,,,,,
20241130T182002.000Z,15000814,,soloShowdown,Sunset Vista,ranked,soloShowdown,,,2.0,13.0,,,,,,,,,,,,,,,,,,,,,,,,,,,,,,,,,,,,
20241130T181742.000Z,15000814,,soloShowdown,Sunset Vista,ranked,soloShowdown,,,1.0,15.0,,,,,,,,,,,,,,,,,,,,,,,,,,,,,,,,,,,,
20241130T181554.000Z,15000814,,soloShowdown,Sunset Vista,ranked,soloShowdown,,,1.0,15.0,,,,,,,,,,,,,,,,,,,,,,,,,,,,,,,,,,,,
20241130T181255.000Z,15000814,,soloShowdown,Sunset Vista,ranked,soloShowdown,,,1.0,14.0,,,,,,,,,,,,,,,,,,,,,,,,,,,,,,,,,,,,
20241130T042916.000Z,15000814,,soloShowdown,Sunset Vista,ranked,soloShowdown,,,1.0,13.0,,,,,,,,,,,,,,,,,,,,,,,,,,,,,,,,,,,,
20241130T042528.000Z,15000814,,soloShowdown,Sunset Vista,ranked,soloShowdown,,,1.0,12.0,,,,,,,,,,,,,,,,,,,,,,,,,,,,,,,,,,,,
20241130T042411.000Z,15000814,,soloShowdown,Sunset Vista,ranked,soloShowdown,,,1.0,11.0,,,,,,,,,,,,,,,,,,,,,,,,,,,,,,,,,,,,
20241130T042159.000Z,15000830,,unknown,Radiant Rampage,ranked,siege,defeat,121.0,,,#2GPGRPRV0,angelyair,16000004.0,RICO,11.0,669.0,#RRU2UJPCL,EL PRO RAYKERMO,16000043.0,EDGAR,10.0,573.0,#V2LLC89Q,SerialNonce,16000026.0,BIBI,11.0,503.0,#VCYPLLJ,Rico MC Patoüê•,16000052.0,MEG,11.0,670.0,,,,,,,,,,,,
20241130T041947.000Z,15000814,,soloShowdown,Sunset Vista,ranked,soloShowdown,,,5.0,4.0,,,,,,,,,,,,,,,,,,,,,,,,,,,,,,,,,,,,
20241130T041806.000Z,15000814,,soloShowdown,Sunset Vista,ranked,soloShowdown,,,10.0,-6.0,,,,,,,,,,,,,,,,,,,,,,,,,,,,,,,,,,,,
20241130T041715.000Z,15000814,,soloShowdown,Sunset Vista,ranked,soloShowdown,,,1.0,10.0,,,,,,,,,,,,,,,,,,,,,,,,,,,,,,,,,,,,
20241129T083215.000Z,15000728,,knockout5V5,Crispy Crypt,ranked,knockout,victory,329.0,,10.0,#88P2VQPU,beethmonke,16000022.0,TICK,10.0,566.0,#22R2RPR2P,kingcurry69,16000003.0,BROCK,11.0,65.0,#88P2VQPU,beethmonke,16000022.0,TICK,10.0,566.0,#UC892RVG,akethini,16000058.0,BONNIE,10.0,580.0,#9JGRVLR9,Mr. Poori,16000039.0,COLETTE,9.0,491.0,#V2LLC89Q,SerialNonce,16000068.0,MAISIE,11.0,562.0
20241126T222339.000Z,15000796,,trioShowdown,Ring 'o Brawlin,ranked,duoShowdown,,,2.0,,,,,,,,#GJJU2U0YC,zekeDaFreak,16000035.0,GALE,11.0,213.0,#2L8PRPUJJV,Dino123,16000015.0,PIPER,8.0,198.0,#V2LLC89Q,SerialNonce,16000078.0,MELODIE,10.0,844.0,,,,,,,,,,,,
20241126T222054.000Z,15000796,,trioShowdown,Ring 'o Brawlin,ranked,duoShowdown,,,3.0,,,,,,,,#29082PCQJ,altante,16000017.0,TARA,10.0,21.0,#V2LLC89Q,SerialNonce,16000078.0,MELODIE,10.0,844.0,#928P98GVV,‚úûùîâùìáùìÉ‚Ñí‚úû,16000017.0,TARA,9.0,554.0,,,,,,,,,,,,
20241126T221826.000Z,15000796,,trioShowdown,Ring 'o Brawlin,ranked,duoShowdown,,,3.0,,,,,,,,#YQ880R02,Owen,16000000.0,SHELLY,8.0,265.0,#V2LLC89Q,SerialNonce,16000078.0,MELODIE,10.0,844.0,#28LQP9QGRL,TITOU‚ù§Ô∏è‚ù§Ô∏è,16000031.0,MR. P,8.0,36.0,,,,,,,,,,,,
20241126T024103.000Z,15000016,,soloShowdown,Feast or Famine,ranked,soloShowdown,,,6.0,-1.0,,,,,,,,,,,,,,,,,,,,,,,,,,,,,,,,,,,,
20241126T023200.000Z,15000796,,trioShowdown,Ring 'o Brawlin,ranked,duoShowdown,,,2.0,,,,,,,,#V2LLC89Q,SerialNonce,16000078.0,MELODIE,10.0,845.0,#298RG0URQ,„Ää¬§¬•Henpro¬•¬§„Äã,16000014.0,BO,11.0,611.0,#2LP9CQGVR9,XT|Soffüíö,16000004.0,RICO,10.0,394.0,,,,,,,,,,,,
20241125T165257.000Z,15000796,,trioShowdown,Ring 'o Brawlin,ranked,duoShowdown,,,1.0,,,,,,,,#298U98R20L,INSANO_GOLOSO,16000085.0,KENJI,8.0,50.0,#GC9CUC808,MS|Fang,16000026.0,BIBI,11.0,730.0,#V2LLC89Q,SerialNonce,16000078.0,MELODIE,10.0,845.0,,,,,,,,,,,,
20241125T165050.000Z,15000796,,trioShowdown,Ring 'o Brawlin,ranked,duoShowdown,,,2.0,,,,,,,,#G8L0C8C20,armando,16000087.0,JUJU,7.0,75.0,#V2LLC89Q,SerialNonce,16000078.0,MELODIE,10.0,845.0,#209UV889L9,mi pito es tull,16000023.0,LEON,11.0,819.0,,,,,,,,,,,,
20241125T164656.000Z,15000796,,trioShowdown,Ring 'o Brawlin,ranked,duoShowdown,,,3.0,,,,,,,,#V2LLC89Q,SerialNonce,16000078.0,MELODIE,10.0,845.0,#8GQRVLYGR,Logor,16000001.0,COLT,11.0,418.0,#G0VL08LJL,„ÄéùôπùöÑùô∞ùôΩ„Äè‰πà,16000012.0,CROW,11.0,462.0,,,,,,,,,,,,
20241125T164406.000Z,15000796,,trioShowdown,Ring 'o Brawlin,ranked,duoShowdown,,,1.0,,,,,,,,#V2LLC89Q,SerialNonce,16000078.0,MELODIE,10.0,845.0,#2LYPCULY0R,JARLIN2.0,16000014.0,BO,7.0,354.0,#2QLL89C0UL,wimixx.b,16000030.0,EMZ,11.0,861.0,,,,,,,,,,,,
20241115T051127.000Z,15000640,,brawlBall5V5,Cool shapes,ranked,brawlBall,defeat,150.0,,-3.0,#YQJ9UJC2,Willy,16000012.0,CROW,11.0,684.0,#2PJ8L02C9,Jimothy,16000001.0,COLT,10.0,500.0,#V2LLC89Q,SerialNonce,16000068.0,MAISIE,11.0,549.0,#VVLCP2UC,Yung Rice,16000010.0,EL PRIMO,10.0,701.0,#GPCVQQ9C,Best Mortis NA,16000065.0,MANDY,9.0,635.0,#8L9JYVY0V,craxkermfh,16000014.0,BO,9.0,710.0
20241115T050741.000Z,15000640,,brawlBall5V5,Cool shapes,ranked,brawlBall,defeat,93.0,,-3.0,#UQYU2RJR,XstarUwU,16000045.0,STU,11.0,699.0,#2PJ8L02C9,Jimothy,16000001.0,COLT,10.0,503.0,#V2LLC89Q,SerialNonce,16000065.0,MANDY,9.0,505.0,#VVLCP2UC,Yung Rice,16000049.0,BUZZ,11.0,716.0,#GPCVQQ9C,Best Mortis NA,16000005.0,SPIKE,11.0,748.0,#2QL020C2R8,tecaton,16000011.0,MORTIS,10.0,705.0
20241115T050234.000Z,15000640,,brawlBall5V5,Cool shapes,ranked,brawlBall,draw,210.0,,,#GPCVQQ9C,Best Mortis NA,16000005.0,SPIKE,11.0,748.0,#2PJ8L02C9,Jimothy,16000001.0,COLT,10.0,503.0,#V2LLC89Q,SerialNonce,16000065.0,MANDY,9.0,505.0,#VVLCP2UC,Yung Rice,16000004.0,RICO,11.0,671.0,#GPCVQQ9C,Best Mortis NA,16000005.0,SPIKE,11.0,748.0,#2899G0Y2Q8,meneses,16000009.0,DYNAMIKE,11.0,759.0
20241115T045803.000Z,15000640,,brawlBall5V5,Cool shapes,ranked,brawlBall,victory,87.0,,8.0,#GPCVQQ9C,Best Mortis NA,16000005.0,SPIKE,11.0,740.0,#2PJ8L02C9,Jimothy,16000001.0,COLT,10.0,495.0,#VVLCP2UC,Yung Rice,16000004.0,RICO,11.0,662.0,#GPCVQQ9C,Best Mortis NA,16000005.0,SPIKE,11.0,740.0,#V2LLC89Q,SerialNonce,16000065.0,MANDY,9.0,497.0,#2LJGRGPUCG,cihanqmal05,16000022.0,TICK,8.0,756.0
20241115T045511.000Z,15000640,,brawlBall5V5,Cool shapes,ranked,brawlBall,defeat,101.0,,-3.0,#2CLG8JGCU,bot 1,16000015.0,PIPER,11.0,957.0,#2PJ8L02C9,Jimothy,16000001.0,COLT,10.0,498.0,#V2LLC89Q,SerialNonce,16000065.0,MANDY,9.0,500.0,#VVLCP2UC,Yung Rice,16000003.0,BROCK,11.0,912.0,#GPCVQQ9C,Best Mortis NA,16000054.0,FANG,11.0,843.0,#22JCCJVCY,oder,16000035.0,GALE,11.0,969.0
20241115T045235.000Z,15000640,,brawlBall5V5,Cool shapes,ranked,brawlBall,defeat,36.0,,-2.0,#22QJGLG2Q,Martin,16000013.0,POCO,11.0,818.0,#2PJ8L02C9,Jimothy,16000001.0,COLT,10.0,501.0,#V2LLC89Q,SerialNonce,16000083.0,CLANCY,10.0,314.0,#VVLCP2UC,Yung Rice,16000043.0,EDGAR,11.0,803.0,#GPCVQQ9C,Best Mortis NA,16000054.0,FANG,11.0,849.0,#20QPVJJ2J2,Áâ°ÁæäÂ∫ß,16000015.0,PIPER,11.0,849.0
20241125T165050.000Z,15000796,,trioShowdown,Ring 'o Brawlin,ranked,duoShowdown,,,2.0,,,,,,,,#G8L0C8C20,armando,16000087.0,JUJU,7.0,75.0,#V2LLC89Q,SerialNonce,16000078.0,MELODIE,10.0,845.0,#209UV889L9,Andrewyeah17,16000023.0,LEON,11.0,819.0,,,,,,,,,,,,
20241115T044951.000Z,15000640,,brawlBall5V5,Cool shapes,ranked,brawlBall,defeat,150.0,,-6.0,#YCY0YCV80,667|Trungzyy,16000011.0,MORTIS,11.0,895.0,#2PJ8L02C9,Jimothy,16000001.0,COLT,10.0,504.0,#V2LLC89Q,SerialNonce,16000078.0,MELODIE,10.0,820.0,#VVLCP2UC,Yung Rice,16000047.0,SQUEAK,11.0,750.0,#GPCVQQ9C,Best Mortis NA,16000023.0,LEON,11.0,882.0,#PUG2VYJ80,Abrahan Seloyo,16000026.0,BIBI,11.0,885.0
20241115T044624.000Z,15000640,,brawlBall5V5,Cool shapes,ranked,brawlBall,victory,116.0,,8.0,#GPCVQQ9C,Best Mortis NA,16000023.0,LEON,11.0,874.0,#GPCVQQ9C,Best Mortis NA,16000023.0,LEON,11.0,874.0,#2PJ8L02C9,Jimothy,16000001.0,COLT,10.0,496.0,#V2LLC89Q,SerialNonce,16000078.0,MELODIE,10.0,812.0,#VVLCP2UC,Yung Rice,16000004.0,RICO,11.0,654.0,#G2UG2LG82,Alexis,16000030.0,EMZ,11.0,807.0
20241128T013926.000Z,15000700,,knockout5V5,Sizzling Chambers,ranked,knockout,defeat,308.0,,-3.0,#20Y8GYV0LJ,ColtyCookie,16000068.0,MAISIE,8.0,567.0,#88P2VQPU,beethmonke,16000030.0,EMZ,10.0,417.0,#UC892RVG,akethini,16000058.0,BONNIE,10.0,563.0,#9JGRVLR9,Mr. Poori,16000021.0,GENE,7.0,526.0,#U8R2LP9Q,LOLDANKMEMES,16000061.0,GUS,9.0,574.0,#V2LLC89Q,SerialNonce,16000068.0,MAISIE,11.0,546.0
20241128T013212.000Z,15000700,,knockout5V5,Sizzling Chambers,ranked,knockout,defeat,286.0,,-2.0,#U0LVU88GU,Graysonü•∂,16000022.0,TICK,9.0,497.0,#88P2VQPU,beethmonke,16000022.0,TICK,10.0,550.0,#UC892RVG,akethini,16000058.0,BONNIE,10.0,566.0,#9JGRVLR9,Mr. Poori,16000040.0,AMBER,6.0,37.0,#V2LLC89Q,SerialNonce,16000077.0,LARRY & LAWRIE,9.0,334.0,#U8R2LP9Q,LOLDANKMEMES,16000069.0,HANK,7.0,276.0
20241128T012611.000Z,15000700,,knockout5V5,Sizzling Chambers,ranked,knockout,victory,217.0,,9.0,#9JGRVLR9,Mr. Poori,16000040.0,AMBER,6.0,26.0,#88P2VQPU,beethmonke,16000009.0,DYNAMIKE,6.0,254.0,#UC892RVG,akethini,16000058.0,BONNIE,10.0,557.0,#9JGRVLR9,Mr. Poori,16000040.0,AMBER,6.0,26.0,#U8R2LP9Q,LOLDANKMEMES,16000041.0,LOU,7.0,215.0,#V2LLC89Q,SerialNonce,16000042.0,BYRON,9.0,280.0
20241128T012055.000Z,15000700,,knockout5V5,Sizzling Chambers,ranked,knockout,victory,331.0,,9.0,#UC892RVG,akethini,16000058.0,BONNIE,10.0,549.0,#88P2VQPU,beethmonke,16000041.0,LOU,7.0,18.0,#UC892RVG,akethini,16000058.0,BONNIE,10.0,549.0,#9JGRVLR9,Mr. Poori,16000040.0,AMBER,6.0,16.0,#U8R2LP9Q,LOLDANKMEMES,16000087.0,JUJU,7.0,249.0,#V2LLC89Q,SerialNonce,16000015.0,PIPER,8.0,310.0
20241128T011332.000Z,15000700,,knockout5V5,Sizzling Chambers,ranked,knockout,victory,222.0,,8.0,#V2LLC89Q,SerialNonce,16000015.0,PIPER,8.0,302.0,#88P2VQPU,beethmonke,16000072.0,PEARL,7.0,186.0,#UC892RVG,akethini,16000032.0,MAX,8.0,210.0,#9JGRVLR9,Mr. Poori,16000040.0,AMBER,6.0,7.0,#V2LLC89Q,SerialNonce,16000015.0,PIPER,8.0,302.0,#U8R2LP9Q,LOLDANKMEMES,16000087.0,JUJU,7.0,236.0
20241129T082531.000Z,15000728,,knockout5V5,Crispy Crypt,ranked,knockout,victory,149.0,,9.0,#88P2VQPU,beethmonke,16000022.0,TICK,10.0,557.0,#22R2RPR2P,kingcurry69,16000003.0,BROCK,11.0,56.0,#88P2VQPU,beethmonke,16000022.0,TICK,10.0,557.0,#UC892RVG,akethini,16000058.0,BONNIE,10.0,571.0,#9JGRVLR9,Mr. Poori,16000039.0,COLETTE,9.0,482.0,#V2LLC89Q,SerialNonce,16000068.0,MAISIE,11.0,553.0
20241129T082205.000Z,15000728,,knockout5V5,Crispy Crypt,ranked,knockout,victory,303.0,,8.0,#9JGRVLR9,Mr. Poori,16000039.0,COLETTE,9.0,474.0,#22R2RPR2P,kingcurry69,16000003.0,BROCK,11.0,48.0,#9JGRVLR9,Mr. Poori,16000039.0,COLETTE,9.0,474.0,#88P2VQPU,beethmonke,16000022.0,TICK,10.0,549.0,#V2LLC89Q,SerialNonce,16000068.0,MAISIE,11.0,545.0,#UC892RVG,akethini,16000058.0,BONNIE,10.0,563.0
20241129T081616.000Z,15000728,,knockout5V5,Crispy Crypt,ranked,knockout,defeat,212.0,,-3.0,#QJJRRU0C,Slydicade,16000037.0,SPROUT,11.0,527.0,#22R2RPR2P,kingcurry69,16000003.0,BROCK,11.0,48.0,#88P2VQPU,beethmonke,16000022.0,TICK,10.0,552.0,#9JGRVLR9,Mr. Poori,16000039.0,COLETTE,9.0,477.0,#V2LLC89Q,SerialNonce,16000068.0,MAISIE,11.0,548.0,#UC892RVG,akethini,16000058.0,BONNIE,10.0,566.0
20241129T081137.000Z,15000728,,knockout5V5,Crispy Crypt,ranked,knockout,victory,223.0,,8.0,#2QJ9JVJC89,HADE$66$,16000022.0,TICK,9.0,564.0,#22R2RPR2P,kingcurry69,16000003.0,BROCK,11.0,40.0,#88P2VQPU,beethmonke,16000022.0,TICK,10.0,544.0,#UC892RVG,akethini,16000058.0,BONNIE,10.0,558.0,#9JGRVLR9,Mr. Poori,16000039.0,COLETTE,9.0,468.0,#V2LLC89Q,SerialNonce,16000068.0,MAISIE,11.0,540.0
20241129T080649.000Z,15000728,,knockout5V5,Crispy Crypt,ranked,knockout,defeat,215.0,,-3.0,#P0CYCG98C,ùòøùôñùô®ùôùùôùüòµ‚Äçüí´,16000022.0,TICK,10.0,533.0,#9JGRVLR9,Mr. Poori,16000064.0,GRAY,8.0,506.0,#22R2RPR2P,kingcurry69,16000003.0,BROCK,11.0,40.0,#UC892RVG,akethini,16000058.0,BONNIE,10.0,561.0,#88P2VQPU,beethmonke,16000022.0,TICK,10.0,547.0,#V2LLC89Q,SerialNonce,16000068.0,MAISIE,11.0,543.0
20241129T080117.000Z,15000639,,brawlBall5V5,Great waves,ranked,brawlBall,defeat,121.0,,-2.0,#GR9UYLJ2L,magopajas,16000071.0,DOUG,11.0,591.0,#UC892RVG,akethini,16000058.0,BONNIE,10.0,564.0,#88P2VQPU,beethmonke,16000072.0,PEARL,7.0,194.0,#22R2RPR2P,kingcurry69,16000003.0,BROCK,11.0,40.0,#9JGRVLR9,Mr. Poori,16000040.0,AMBER,7.0,64.0,#V2LLC89Q,SerialNonce,16000013.0,POCO,11.0,308.0
20241129T075640.000Z,15000639,,brawlBall5V5,Great waves,ranked,brawlBall,victory,185.0,,8.0,#22R2RPR2P,kingcurry69,16000003.0,BROCK,9.0,32.0,#UC892RVG,akethini,16000015.0,PIPER,8.0,300.0,#V2LLC89Q,SerialNonce,16000013.0,POCO,11.0,300.0,#88P2VQPU,beethmonke,16000049.0,BUZZ,9.0,317.0,#22R2RPR2P,kingcurry69,16000003.0,BROCK,9.0,32.0,#9JGRVLR9,Mr. Poori,16000040.0,AMBER,7.0,54.0
20241129T075012.000Z,15000639,,brawlBall5V5,Great waves,ranked,brawlBall,defeat,87.0,,-2.0,#2GLJ2VU9R,Alpine,16000062.0,BUSTER,10.0,206.0,#22R2RPR2P,kingcurry69,16000003.0,BROCK,7.0,32.0,#88P2VQPU,beethmonke,16000019.0,PENNY,7.0,279.0,#UC892RVG,akethini,16000015.0,PIPER,8.0,302.0,#9JGRVLR9,Mr. Poori,16000087.0,JUJU,7.0,142.0,#V2LLC89Q,SerialNonce,16000013.0,POCO,11.0,302.0
20241129T074649.000Z,15000639,,brawlBall5V5,Great waves,ranked,brawlBall,victory,95.0,,8.0,#V2LLC89Q,SerialNonce,16000013.0,POCO,11.0,294.0,#22R2RPR2P,kingcurry69,16000003.0,BROCK,7.0,24.0,#88P2VQPU,beethmonke,16000019.0,PENNY,7.0,271.0,#9JGRVLR9,Mr. Poori,16000087.0,JUJU,7.0,129.0,#V2LLC89Q,SerialNonce,16000013.0,POCO,11.0,294.0,#UC892RVG,akethini,16000015.0,PIPER,8.0,292.0
20241129T074347.000Z,15000639,,brawlBall5V5,Great waves,ranked,brawlBall,defeat,150.0,,-2.0,#8J9UJCG9Y,Ponyo‚ô°,16000047.0,SQUEAK,11.0,546.0,#22R2RPR2P,kingcurry69,16000011.0,MORTIS,9.0,269.0,#V2LLC89Q,SerialNonce,16000013.0,POCO,11.0,296.0,#UC892RVG,akethini,16000058.0,BONNIE,10.0,567.0,#88P2VQPU,beethmonke,16000019.0,PENNY,7.0,273.0,#9JGRVLR9,Mr. Poori,16000046.0,BELLE,7.0,351.0
20241129T073940.000Z,15000639,,brawlBall5V5,Great waves,ranked,brawlBall,victory,89.0,,10.0,#UC892RVG,akethini,16000044.0,RUFFS,9.0,68.0,#88P2VQPU,beethmonke,16000041.0,LOU,7.0,35.0,#UC892RVG,akethini,16000044.0,RUFFS,9.0,68.0,#9JGRVLR9,Mr. Poori,16000040.0,AMBER,6.0,45.0,#V2LLC89Q,SerialNonce,16000032.0,MAX,5.0,23.0,#2QUR89R2U8,Doc,16000007.0,JESSIE,1.0,63.0
20241129T073457.000Z,15000639,,brawlBall5V5,Great waves,ranked,brawlBall,victory,29.0,,9.0,#9JGRVLR9,Mr. Poori,16000040.0,AMBER,6.0,37.0,#88P2VQPU,beethmonke,16000041.0,LOU,7.0,26.0,#UC892RVG,akethini,16000044.0,RUFFS,9.0,60.0,#9JGRVLR9,Mr. Poori,16000040.0,AMBER,6.0,37.0,#V2LLC89Q,SerialNonce,16000032.0,MAX,5.0,14.0,#2G9PJG8289,Didier ch5,16000027.0,8-BIT,1.0,17.0
20241129T073104.000Z,15000124,,duoShowdown,Flying Fantasies,ranked,duoShowdown,,,2.0,9.0,,,,,,,#UC892RVG,akethini,16000058.0,BONNIE,10.0,560.0,#V2LLC89Q,SerialNonce,16000078.0,MELODIE,10.0,863.0,,,,,,,,,,,,,,,,,,
20241129T072722.000Z,15000123,,soloShowdown,Flying Fantasies,ranked,soloShowdown,,,5.0,2.0,,,,,,,,,,,,,,,,,,,,,,,,,,,,,,,,,,,,
20241129T040425.000Z,15000123,,soloShowdown,Flying Fantasies,ranked,soloShowdown,,,2.0,9.0,,,,,,,,,,,,,,,,,,,,,,,,,,,,,,,,,,,,
20241129T035711.000Z,15000123,,soloShowdown,Flying Fantasies,ranked,soloShowdown,,,2.0,8.0,,,,,,,,,,,,,,,,,,,,,,,,,,,,,,,,,,,,
20241129T011112.000Z,15000123,,soloShowdown,Flying Fantasies,ranked,soloShowdown,,,5.0,4.0,,,,,,,,,,,,,,,,,,,,,,,,,,,,,,,,,,,,
20241129T010945.000Z,15000123,,soloShowdown,Flying Fantasies,ranked,soloShowdown,,,1.0,10.0,,,,,,,,,,,,,,,,,,,,,,,,,,,,,,,,,,,,
20241129T010557.000Z,15000367,,knockout,Goldarm Gulch,ranked,knockout,victory,134.0,,12.0,#V2LLC89Q,SerialNonce,16000009.0,DYNAMIKE,11.0,386.0,#2QJUJQCY99,BigDawg#1,16000014.0,BO,6.0,359.0,#V2LLC89Q,SerialNonce,16000009.0,DYNAMIKE,11.0,386.0,#2QLCVJLV2L,ALEX baseball‚Äô,16000020.0,FRANK,8.0,357.0,,,,,,,,,,,,
20241129T010312.000Z,15000367,,knockout,Goldarm Gulch,ranked,knockout,victory,45.0,,11.0,#YY2Y08YU0,mason,16000015.0,PIPER,11.0,316.0,#V2LLC89Q,SerialNonce,16000009.0,DYNAMIKE,11.0,375.0,#2QJUJQCY99,BigDawg#1,16000014.0,BO,6.0,350.0,#YY2Y08YU0,mason,16000015.0,PIPER,11.0,316.0,,,,,,,,,,,,
